-- phpMyAdmin SQL Dump
-- version 5.1.0
-- https://www.phpmyadmin.net/
--
-- Хост: 127.0.0.1:3306
-- Время создания: Мар 16 2022 г., 18:46
-- Версия сервера: 8.0.24
-- Версия PHP: 7.4.21

SET SQL_MODE = "NO_AUTO_VALUE_ON_ZERO";
START TRANSACTION;
SET time_zone = "+00:00";


/*!40101 SET @OLD_CHARACTER_SET_CLIENT=@@CHARACTER_SET_CLIENT */;
/*!40101 SET @OLD_CHARACTER_SET_RESULTS=@@CHARACTER_SET_RESULTS */;
/*!40101 SET @OLD_COLLATION_CONNECTION=@@COLLATION_CONNECTION */;
/*!40101 SET NAMES utf8mb4 */;

--
-- База данных: `game_serve`
--

-- --------------------------------------------------------

--
-- Структура таблицы `characters`
--

CREATE TABLE `characters` (
  `id` bigint NOT NULL,
  `user_id` bigint UNSIGNED NOT NULL,
  `name` varchar(255) NOT NULL,
  `class` varchar(255) CHARACTER SET utf8mb4 COLLATE utf8mb4_0900_ai_ci NOT NULL,
  `level` int NOT NULL DEFAULT '0',
  `x` smallint NOT NULL DEFAULT '0',
  `y` smallint NOT NULL DEFAULT '0',
  `life` smallint NOT NULL DEFAULT '40',
  `max_life` smallint NOT NULL DEFAULT '40',
  `energy` smallint NOT NULL DEFAULT '10',
  `max_energy` smallint NOT NULL DEFAULT '10',
  `min_attack_damage` smallint NOT NULL DEFAULT '2',
  `max_attack_damage` smallint NOT NULL DEFAULT '4',
  `increased_life` int NOT NULL DEFAULT '0',
  `reduced_life` int NOT NULL DEFAULT '0',
  `increased_energy` smallint NOT NULL DEFAULT '0',
  `reduced_energy` smallint NOT NULL DEFAULT '0',
  `increased_min_attack_damage` smallint NOT NULL DEFAULT '0',
  `reduced_min_attack_damage` smallint NOT NULL DEFAULT '0',
  `increased_max_attack_damage` smallint NOT NULL DEFAULT '0',
  `reduced_max_attack_damage` smallint NOT NULL DEFAULT '0',
  `increased_spell_damage` smallint NOT NULL DEFAULT '0',
  `reduced_spell_damage` smallint NOT NULL DEFAULT '0',
  `increased_damage` smallint NOT NULL DEFAULT '0',
  `reduced_damage` smallint NOT NULL DEFAULT '0',
  `energy_regeneration` tinyint NOT NULL DEFAULT '1',
  `increased_energe_regen` tinyint NOT NULL DEFAULT '0',
  `reduced_energe_regen` smallint NOT NULL DEFAULT '0',
  `damage_reduce` smallint NOT NULL DEFAULT '0',
  `increased_damage_reduce` smallint NOT NULL DEFAULT '0',
  `reduced_damage_reduce` smallint NOT NULL DEFAULT '0',
  `xp` int NOT NULL DEFAULT '0',
  `xp_for_level` int NOT NULL DEFAULT '1000',
  `skill_point_count` smallint NOT NULL DEFAULT '0',
  `spell_damage` smallint NOT NULL DEFAULT '0'
) ENGINE=InnoDB DEFAULT CHARSET=utf8mb4 COLLATE=utf8mb4_0900_ai_ci;

--
-- Дамп данных таблицы `characters`
--

INSERT INTO `characters` (`id`, `user_id`, `name`, `class`, `level`, `x`, `y`, `life`, `max_life`, `energy`, `max_energy`, `min_attack_damage`, `max_attack_damage`, `increased_life`, `reduced_life`, `increased_energy`, `reduced_energy`, `increased_min_attack_damage`, `reduced_min_attack_damage`, `increased_max_attack_damage`, `reduced_max_attack_damage`, `increased_spell_damage`, `reduced_spell_damage`, `increased_damage`, `reduced_damage`, `energy_regeneration`, `increased_energe_regen`, `reduced_energe_regen`, `damage_reduce`, `increased_damage_reduce`, `reduced_damage_reduce`, `xp`, `xp_for_level`, `skill_point_count`, `spell_damage`) VALUES
(99, 1, '1', 'young_star', 0, -2, 6, 40, 40, 10, 10, 2, 4, 100, 0, 0, 0, 0, 0, 0, 0, 0, 0, 0, 0, 1, 0, 0, 0, 0, 0, 0, 1000, 0, 0),
(100, 1, 'this[elem.name] = elem', 'young_star', 0, -1, 2, 40, 40, 10, 10, 2, 4, 0, 0, 0, 0, 0, 0, 0, 0, 0, 0, 0, 0, 1, 0, 0, 0, 0, 0, 0, 1000, 0, 0);

-- --------------------------------------------------------

--
-- Структура таблицы `failed_jobs`
--

CREATE TABLE `failed_jobs` (
  `id` bigint UNSIGNED NOT NULL,
  `uuid` varchar(255) COLLATE utf8mb4_unicode_ci NOT NULL,
  `connection` text COLLATE utf8mb4_unicode_ci NOT NULL,
  `queue` text COLLATE utf8mb4_unicode_ci NOT NULL,
  `payload` longtext COLLATE utf8mb4_unicode_ci NOT NULL,
  `exception` longtext COLLATE utf8mb4_unicode_ci NOT NULL,
  `failed_at` timestamp NOT NULL DEFAULT CURRENT_TIMESTAMP
) ENGINE=InnoDB DEFAULT CHARSET=utf8mb4 COLLATE=utf8mb4_unicode_ci;

-- --------------------------------------------------------

--
-- Структура таблицы `migrations`
--

CREATE TABLE `migrations` (
  `id` int UNSIGNED NOT NULL,
  `migration` varchar(255) COLLATE utf8mb4_unicode_ci NOT NULL,
  `batch` int NOT NULL
) ENGINE=InnoDB DEFAULT CHARSET=utf8mb4 COLLATE=utf8mb4_unicode_ci;

--
-- Дамп данных таблицы `migrations`
--

INSERT INTO `migrations` (`id`, `migration`, `batch`) VALUES
(1, '2014_10_12_000000_create_users_table', 1),
(2, '2014_10_12_100000_create_password_resets_table', 1),
(3, '2016_06_01_000001_create_oauth_auth_codes_table', 1),
(4, '2016_06_01_000002_create_oauth_access_tokens_table', 1),
(5, '2016_06_01_000003_create_oauth_refresh_tokens_table', 1),
(6, '2016_06_01_000004_create_oauth_clients_table', 1),
(7, '2016_06_01_000005_create_oauth_personal_access_clients_table', 1),
(8, '2019_08_19_000000_create_failed_jobs_table', 1),
(9, '2020_10_02_142505_create_products_table', 1);

-- --------------------------------------------------------

--
-- Структура таблицы `nodes`
--

CREATE TABLE `nodes` (
  `id` int NOT NULL,
  `char_id` bigint NOT NULL,
  `x` smallint NOT NULL,
  `y` smallint NOT NULL,
  `links` tinyint NOT NULL,
  `type` int NOT NULL DEFAULT '0',
  `map` varchar(255) CHARACTER SET utf8mb4 COLLATE utf8mb4_0900_ai_ci DEFAULT NULL,
  `nomenclature` varchar(255) CHARACTER SET utf8mb4 COLLATE utf8mb4_0900_ai_ci NOT NULL,
  `visited` tinyint NOT NULL DEFAULT '0',
  `solar_system_image` varchar(50) NOT NULL DEFAULT 'system_1',
  `image_offset_x` float NOT NULL,
  `image_offset_y` float NOT NULL
) ENGINE=InnoDB DEFAULT CHARSET=utf8mb4 COLLATE=utf8mb4_0900_ai_ci;

--
-- Дамп данных таблицы `nodes`
--

INSERT INTO `nodes` (`id`, `char_id`, `x`, `y`, `links`, `type`, `map`, `nomenclature`, `visited`, `solar_system_image`, `image_offset_x`, `image_offset_y`) VALUES
(31981, 99, 0, 0, 0, 4, NULL, 'Home-0/0', 0, 'system_1', -0.49, -0.01),
(31982, 99, -1, 0, 0, 0, NULL, 'NT-1/0', 1, 'system_2', 3.7, -3.7),
(31983, 99, 1, 0, 0, 0, NULL, 'NT-1/0', 0, 'system_1', 0.7, -3.4),
(31984, 99, 1, -1, 0, 0, NULL, 'KOP-1.41/5.35', 0, 'system_1', -0.9, 4.9),
(31985, 99, 1, -2, 0, 0, NULL, 'NT-2.24/5.68', 0, 'system_1', -2.5, 2.6),
(31986, 99, -1, 1, 0, 0, NULL, 'KOP-1.41/5.35', 1, 'system_1', 1.8, 2.9),
(31987, 99, -2, 1, 0, 0, NULL, 'N-2.24/5.03', 0, 'system_1', 1.5, -0.1),
(31988, 99, -3, 1, 0, 0, NULL, 'KOP-3.16/4.89', 0, 'system_2', -4.9, 1.1),
(31989, 99, -1, 2, 0, 0, NULL, 'N-2.24/5.68', 1, 'system_2', -4.5, -5),
(31990, 99, 2, -2, 0, 0, NULL, 'NT-2.83/5.35', 0, 'system_1', -0.3, 0.5),
(31991, 99, 2, -3, 0, 0, NULL, 'NT-3.61/5.55', 0, 'system_2', 4.4, 3.9),
(31992, 99, 3, -2, 0, 0, NULL, 'KOP-3.61/5.16', 0, 'system_2', 2.3, 5),
(31993, 99, 4, -2, 0, 0, NULL, 'N-4.47/5.03', 0, 'system_1', 2.7, 2.8),
(31994, 99, 4, -3, 0, 0, NULL, 'KOP-5/5.21', 0, 'system_2', -3.8, -3.1),
(31995, 99, 5, -2, 0, 0, NULL, 'KOP-5.39/4.95', 0, 'system_2', -1.9, -3.2),
(31996, 99, 3, -1, 0, 0, NULL, 'NT-3.16/4.89', 0, 'system_1', 3.7, 0),
(31997, 99, 6, -2, -2, 0, NULL, 'KOP-6.32/4.89', 0, 'system_2', -0.1, 2),
(31998, 99, 6, -3, -1, 0, NULL, 'KOP-6.71/5.03', 0, 'system_1', -3, 3.8),
(31999, 99, -3, 2, 0, 0, NULL, 'KOP-3.61/5.16', 0, 'system_2', 0.8, 4.2),
(32000, 99, 2, -4, 0, 1, NULL, 'Q-4.47/5.68', 0, 'system_2', 4, -2.4),
(32001, 99, 3, -4, 0, 0, NULL, 'N-5/5.5', 0, 'system_1', 0.9, -1.4),
(32002, 99, -4, 2, 0, 0, NULL, 'NT-4.47/5.03', 0, 'system_2', -3.8, 2.2),
(32003, 99, -3, 3, 0, 0, NULL, 'N-4.24/5.35', 0, 'system_2', -1.7, 1.5),
(32004, 99, 1, -4, 0, 0, NULL, 'NT-4.12/5.9', 0, 'system_2', -1, -1.1),
(32005, 99, -3, 4, 0, 0, NULL, 'N-5/5.5', 0, 'system_2', 1.8, 0),
(32006, 99, 1, -5, 0, 3, NULL, '3-5.1/5.94', 0, 'system_2', -2.9, -0.1),
(32007, 99, -3, 5, 0, 0, NULL, 'KOP-5.83/5.6', 1, 'system_1', -4.8, 1.4),
(32008, 99, -4, 5, 0, 0, NULL, 'KOP-6.4/5.47', 0, 'system_1', 4.3, -2.3),
(32009, 99, -2, 4, 0, 0, NULL, 'NT-4.47/5.68', 1, 'system_1', -4.4, -1),
(32010, 99, 1, -6, -1, 0, NULL, 'NT-6.08/5.97', 0, 'system_1', 1.8, -3.8),
(32011, 99, 0, -5, 0, 0, NULL, 'NT-5/0', 0, 'system_2', 3.3, 0.5),
(32012, 99, 2, -6, 0, 0, NULL, 'KOP-6.32/5.82', 0, 'system_2', -2.2, 0.5),
(32013, 99, -1, 3, 0, 0, NULL, 'N-3.16/5.82', 1, 'system_2', -3.7, -5),
(32014, 99, -5, 2, 0, 0, NULL, 'N-5.39/4.95', 0, 'system_1', 0.3, -4.1),
(32015, 99, 3, -5, 0, 0, NULL, 'KOP-5.83/5.6', 0, 'system_2', 3.6, -4.5),
(32016, 99, 4, -5, 0, 0, NULL, 'KOP-6.4/5.47', 0, 'system_2', 4.8, 2.8),
(32017, 99, -4, 6, 0, 0, NULL, 'NT-7.21/5.55', 0, 'system_2', -1.6, -3.1),
(32018, 99, -5, 6, 0, 0, NULL, 'N-7.81/5.45', 0, 'system_2', -4.5, 0.8),
(32019, 99, -6, 6, 0, 0, NULL, 'N-8.49/5.35', 0, 'system_1', -1.2, -0.5),
(32020, 99, 0, 2, 0, 0, NULL, 'KOP-2/0', 0, 'system_1', 2.7, -2.8),
(32021, 99, -5, 3, 0, 0, NULL, 'N-5.83/5.11', 0, 'system_2', -3.4, -4.7),
(32022, 99, 6, -4, -2, 0, NULL, 'N-7.21/5.16', 0, 'system_2', 4.6, -5),
(32023, 99, -1, -5, 0, 0, NULL, 'N-5.1/0.2', 0, 'system_2', -4.8, -4.9),
(32024, 99, -5, 4, 0, 0, NULL, 'N-6.4/5.24', 0, 'system_1', -3.2, -4.4),
(32025, 99, 5, -4, 0, 0, NULL, 'KOP-6.4/5.24', 0, 'system_2', -2.3, 1.9),
(32026, 99, 6, -5, 1, 0, NULL, 'KOP-7.81/5.26', 0, 'system_2', -3.9, -1.9),
(32027, 99, 3, 0, 0, 0, NULL, 'NT-3/0', 0, 'system_2', 2.8, 0.3),
(32028, 99, -6, 4, 0, 0, NULL, 'KOP-7.21/5.16', 0, 'system_2', -0.7, -1.9),
(32029, 99, 4, -6, 0, 0, NULL, 'KOP-7.21/5.55', 0, 'system_2', -1.5, -0.2),
(32030, 99, 3, 1, 0, 0, NULL, 'N-3.16/7.39', 0, 'system_1', -3.3, 2.2),
(32031, 99, 6, -6, 2, 0, NULL, 'KOP-8.49/5.35', 0, 'system_1', 0.2, 2),
(32032, 99, 6, -1, 0, 0, NULL, 'N-6.08/4.73', 0, 'system_1', 2, -0.9),
(32033, 99, -2, -5, 0, 0, NULL, 'NT-5.39/0.38', 0, 'system_1', 3.3, -3.8),
(32034, 99, 4, 0, 0, 0, NULL, 'NT-4/0', 0, 'system_1', -1.9, 1.2),
(32035, 99, 2, 1, 0, 0, NULL, 'N-2.24/7.25', 0, 'system_1', 0.1, 0.6),
(32036, 99, -1, -6, 0, 0, NULL, 'NT-6.08/0.17', 0, 'system_2', 0.2, -1.1),
(32037, 99, 0, -2, 0, 0, NULL, 'N-2/0', 0, 'system_2', -3.8, -3.9),
(32038, 99, -2, -4, 0, 1, NULL, 'JSS-4.47/0.46', 0, 'system_1', 4.2, 0.6),
(32039, 99, 5, 0, 0, 0, NULL, 'NT-5/0', 0, 'system_1', 1.6, 4.1),
(32040, 99, 3, 2, 0, 0, NULL, 'KOP-3.61/7.12', 0, 'system_1', -3.4, 1),
(32041, 99, 4, 2, 0, 0, NULL, 'NT-4.47/7.25', 0, 'system_2', -0.8, -3.5),
(32042, 99, -3, -4, 0, 0, NULL, 'N-5/0.64', 0, 'system_2', -4.8, 2),
(32043, 99, -4, -4, 0, 0, NULL, 'N-5.66/0.79', 0, 'system_2', 2.1, 3.6),
(32044, 99, -3, -3, 0, 0, NULL, 'N-4.24/0.79', 0, 'system_1', 1, -1.8),
(32045, 99, -4, -5, 0, 0, NULL, 'KOP-6.4/0.67', 0, 'system_1', -2.3, 2.8),
(32046, 99, 0, -3, 0, 0, NULL, 'N-3/0', 0, 'system_2', -1.8, -0.9),
(32047, 99, 5, 1, 0, 0, NULL, 'NT-5.1/7.51', 0, 'system_1', -4, 3.2),
(32048, 99, 1, 2, 0, 0, NULL, 'N-2.24/6.6', 0, 'system_1', 1.2, -3.4),
(32049, 99, -1, -2, 0, 0, NULL, 'KOP-2.24/0.46', 0, 'system_2', -3.7, 1.6),
(32050, 99, -4, -6, 0, 0, NULL, 'KOP-7.21/0.59', 0, 'system_1', 1.5, 4.8),
(32051, 99, -5, -4, 0, 0, NULL, 'N-6.4/0.9', 0, 'system_2', -1.9, 3.4),
(32052, 99, -5, -3, 0, 0, NULL, 'N-5.83/1.03', 0, 'system_2', 0.7, -2.2),
(32053, 99, 1, 3, 0, 0, NULL, 'N-3.16/6.46', 0, 'system_1', 2.4, 3.9),
(32054, 99, -5, -2, 0, 0, NULL, 'N-5.39/1.19', 0, 'system_1', 4, -2.1),
(32055, 99, 4, 3, 0, 0, NULL, 'KOP-5/7.07', 0, 'system_2', 1.1, 0.2),
(32056, 99, -3, -2, 0, 0, NULL, 'N-3.61/0.98', 0, 'system_2', -4, 3.9),
(32057, 99, -5, -1, 0, 0, NULL, 'N-5.1/1.37', 0, 'system_2', 3, -3.3),
(32058, 99, -6, -4, 0, 0, NULL, 'KOP-7.21/0.98', 0, 'system_2', 1.7, -0.1),
(32059, 99, -3, -6, 2, 0, NULL, 'N-6.71/0.46', 0, 'system_1', 1.5, -0.8),
(32060, 99, -6, -5, 0, 1, NULL, 'Q-7.81/0.88', 0, 'system_2', 2.4, 4.2),
(32061, 99, 4, 4, 0, 0, NULL, 'NT-5.66/6.93', 0, 'system_1', 4.8, -0.8),
(32062, 99, -6, -2, 0, 0, NULL, 'N-6.32/1.25', 0, 'system_2', 4.6, 2.9),
(32063, 99, -3, -1, 0, 0, NULL, 'KOP-3.16/1.25', 0, 'system_2', -4.2, -3.3),
(32064, 99, -5, -6, 0, 0, NULL, 'KOP-7.81/0.69', 0, 'system_1', -4.8, -2.4),
(32065, 99, -5, 0, 0, 0, NULL, 'KOP-5/0', 0, 'system_1', -3.6, -1.8),
(32066, 99, -2, -1, 0, 0, NULL, 'N-2.24/1.11', 0, 'system_1', -0.5, 2.2),
(32067, 99, 6, 1, 0, 0, NULL, 'KOP-6.08/7.55', 0, 'system_1', -0.8, -2.6),
(32068, 99, 5, 3, 0, 0, NULL, 'KOP-5.83/7.17', 0, 'system_2', 1, -3),
(32069, 99, -4, 0, 0, 0, NULL, 'NT-4/0', 0, 'system_1', -1.8, 0.8),
(32070, 99, 6, 2, 0, 0, NULL, 'N-6.32/7.39', 0, 'system_1', -4.1, 4.9),
(32071, 99, -6, 0, 0, 0, NULL, 'N-6/0', 0, 'system_2', -5, 4.8),
(32072, 99, 3, 4, 0, 0, NULL, 'KOP-5/6.78', 0, 'system_1', -1.1, -1),
(32073, 99, -6, 1, 0, 0, NULL, 'N-6.08/4.73', 0, 'system_1', 4.4, -0.8),
(32074, 99, 4, 5, 0, 3, NULL, '3-6.4/6.81', 0, 'system_1', -0.9, -4.3),
(32075, 99, 2, 3, 0, 0, NULL, 'NT-3.61/6.73', 0, 'system_1', -3.4, 1.2),
(32076, 99, 5, 5, 0, 0, NULL, 'KOP-7.07/6.93', 0, 'system_2', 2, -3.5),
(32077, 99, 4, 6, 0, 0, NULL, 'KOP-7.21/6.73', 0, 'system_2', 4.9, -0.8),
(32078, 99, 3, 6, 0, 0, NULL, 'NT-6.71/6.6', 0, 'system_1', 3.3, -4.3),
(32079, 99, 2, 6, 0, 0, NULL, 'N-6.32/6.46', 0, 'system_1', 0.5, 4),
(32080, 99, 6, 5, -2, 0, NULL, 'NT-7.81/7.02', 0, 'system_2', -2.1, 4.7),
(32081, 99, 6, 6, 2, 0, NULL, 'NT-8.49/6.93', 0, 'system_1', -1.1, 1.5),
(32082, 99, 6, 4, 0, 0, NULL, 'N-7.21/7.12', 0, 'system_2', -2.9, 0.3),
(32083, 99, 1, 6, 0, 0, NULL, 'N-6.08/6.31', 0, 'system_2', 1.4, -4.3),
(32084, 99, 2, 5, 0, 0, NULL, 'KOP-5.39/6.52', 0, 'system_2', 1.9, -1.2),
(32085, 99, 0, 6, 0, 0, NULL, 'N-6/0', 0, 'system_2', -0.7, -4.3),
(32086, 99, 0, 5, 0, 3, NULL, '3-5/0', 0, 'system_1', -0.7, 3.1),
(32087, 99, 0, 4, 0, 0, NULL, 'N-4/0', 0, 'system_1', 0.9, -4.1),
(32088, 99, -1, 5, 0, 0, NULL, 'NT-5.1/5.94', 0, 'system_1', -3, 3.4),
(32089, 99, -7, 6, 0, 0, NULL, 'KOP-9.22/5.28', 0, 'system_1', -4.8, -3.4),
(32090, 99, -7, -5, 0, 0, NULL, 'NT-8.6/0.95', 0, 'system_2', -4.9, -2.4),
(32091, 99, -7, 5, 0, 0, NULL, 'KOP-8.6/5.19', 0, 'system_1', -2.3, 3),
(32092, 99, -7, -2, 0, 0, NULL, 'KOP-7.28/1.29', 0, 'system_1', -1.2, -3.1),
(32093, 99, -7, -3, 0, 0, NULL, 'NT-7.62/1.17', 0, 'system_1', 2.9, 3.6),
(32094, 99, -7, -6, 2, 0, NULL, 'N-9.22/0.86', 0, 'system_2', 0.4, -3.2),
(32095, 99, -7, 7, 0, 0, NULL, 'NT-9.9/5.35', 0, 'system_2', -2.8, -4),
(32096, 99, -5, 7, 0, 0, NULL, 'KOP-8.6/5.52', 0, 'system_2', 1.5, -4.8),
(32097, 99, 3, 7, 0, 1, NULL, 'JS-7.62/6.54', 0, 'system_2', -1.3, -1.3),
(32098, 99, 2, 7, 0, 3, NULL, '3-7.28/6.42', 0, 'system_1', 2.9, 1.7),
(32099, 99, -5, 8, 0, 0, NULL, 'NT-9.43/5.58', 0, 'system_2', 5, 0.8),
(32100, 99, -4, 8, 0, 0, NULL, 'N-8.94/5.68', 0, 'system_2', 3.1, -2.4),
(32101, 99, -6, 8, 0, 0, NULL, 'N-10/5.5', 0, 'system_2', 3, -0.7),
(32102, 99, 2, 8, 0, 3, NULL, '3-8.25/6.38', 0, 'system_2', -4.1, -4.1),
(32103, 99, -3, 8, 0, 0, NULL, 'KOP-8.54/5.78', 0, 'system_2', -4.7, -0.7),
(32104, 99, 1, 8, 0, 0, NULL, 'KOP-8.06/6.26', 0, 'system_2', 2.6, -4.4),
(32105, 99, 0, 8, 0, 0, NULL, 'KOP-8/0', 1, 'system_2', -4.7, 1.7),
(32106, 99, -1, 8, 0, 0, NULL, 'KOP-8.06/6.02', 0, 'system_2', -3.3, 4.8),
(32107, 99, -1, 7, 0, 0, NULL, 'NT-7.07/6', 1, 'system_2', 4.1, 4.2),
(32108, 99, -2, 7, 0, 0, NULL, 'KOP-7.28/5.86', 1, 'system_2', 1.6, 1.9),
(32109, 99, -2, 6, 0, 1, NULL, 'JS-6.32/5.82', 0, 'system_2', -2.8, -3.7),
(32110, 99, 1, 9, 0, 0, NULL, 'KOP-9.06/6.25', 0, 'system_1', -2, -3.8),
(32111, 99, -1, 9, 0, 0, NULL, 'N-9.06/6.03', 0, 'system_2', 4, -2),
(32112, 99, -6, 9, 0, 1, NULL, 'JSS-10.82/5.55', 0, 'system_1', 3.8, -0.2),
(32113, 99, -2, 9, 0, 0, NULL, 'KOP-9.22/5.92', 0, 'system_2', -2.5, 1.9),
(32114, 99, -7, 9, 0, 0, NULL, 'KOP-11.4/5.48', 0, 'system_1', 1.6, -0.9),
(32115, 99, -4, 9, 0, 0, NULL, 'NT-9.85/5.72', 0, 'system_1', -3, 2.8),
(32116, 99, -1, 10, 0, 0, NULL, 'N-10.05/6.04', 0, 'system_1', -2.4, -3.6),
(32117, 99, -8, 7, 0, 0, NULL, 'KOP-10.63/5.29', 0, 'system_1', 4.6, 2.4),
(32118, 99, -8, 8, 0, 0, NULL, 'N-11.31/5.35', 0, 'system_1', 1.8, 1.2),
(32119, 99, -8, 5, 0, 0, NULL, 'N-9.43/5.13', 0, 'system_2', -4.9, -2),
(32120, 99, 0, 10, 0, 0, NULL, 'NT-10/0', 0, 'system_2', 1.8, 1.7),
(32121, 99, -7, 10, 0, 0, NULL, 'KOP-12.21/5.53', 0, 'system_2', 0.6, 2.6),
(32122, 99, -8, 4, 0, 0, NULL, 'KOP-8.94/5.03', 0, 'system_2', 1.1, -3),
(32123, 99, -8, 10, 0, 0, NULL, 'N-12.81/5.47', 0, 'system_2', 4.5, 4.5),
(32124, 99, -8, 3, 0, 0, NULL, 'KOP-8.54/4.93', 0, 'system_2', -0.2, 1.1),
(32125, 99, -7, 3, 0, 0, NULL, 'NT-7.62/4.97', 0, 'system_2', -1.5, 3.6),
(32126, 99, -7, 2, 0, 0, NULL, 'KOP-7.28/4.85', 0, 'system_2', 4.1, 2.1),
(32127, 99, -9, 10, 0, 2, NULL, 'OPP-13.45/5.41', 0, 'system_2', -3, 4.4),
(32128, 99, -9, 4, 1, 0, NULL, 'N-9.85/4.99', 0, 'system_2', 4.9, 2.9),
(32129, 99, -9, 9, 0, 0, NULL, 'KOP-12.73/5.35', 0, 'system_1', 3.7, 4.7),
(32130, 99, -7, 11, 0, 0, NULL, 'NT-13.04/5.57', 0, 'system_1', -3.5, 5),
(32131, 99, -9, 7, 2, 0, NULL, 'KOP-11.4/5.23', 0, 'system_2', 2.8, -2.3),
(32132, 99, -6, 11, 0, 0, NULL, 'KOP-12.53/5.64', 0, 'system_2', 0.6, -0.4),
(32133, 99, -9, 5, 2, 0, NULL, 'N-10.3/5.08', 0, 'system_2', 3.4, -3.6),
(32134, 99, 0, 11, 0, 0, NULL, 'N-11/0', 0, 'system_1', -1.3, 3.9),
(32135, 99, -5, 11, 0, 0, NULL, 'N-12.08/5.71', 0, 'system_2', -1.7, 4.4),
(32136, 99, -9, 11, 1, 0, NULL, 'NT-14.21/5.45', 0, 'system_1', -0.5, 2.9),
(32137, 99, 1, 11, 0, 0, NULL, 'NT-11.05/6.23', 0, 'system_2', 2.7, -4.5),
(32138, 99, -4, 11, 0, 0, NULL, 'NT-11.7/5.79', 0, 'system_2', 4.8, 2.2),
(32139, 99, 2, 11, 0, 0, NULL, 'KOP-11.18/6.32', 0, 'system_2', -0.9, -4),
(32140, 99, 3, 11, 0, 0, NULL, 'NT-11.4/6.41', 0, 'system_2', -2.9, 4.2),
(32141, 99, -3, 11, 0, 0, NULL, 'NT-11.4/5.87', 0, 'system_1', -4.8, 2.2),
(32142, 99, -2, 11, 0, 0, NULL, 'N-11.18/5.96', 0, 'system_1', 0.1, -0.8),
(32143, 99, 3, 10, 0, 0, NULL, 'N-10.44/6.43', 0, 'system_2', -3, 1.3),
(32144, 99, -3, 10, 0, 0, NULL, 'NT-10.44/5.85', 0, 'system_2', 1.9, 1),
(32145, 99, 3, 9, 0, 0, NULL, 'N-9.49/6.46', 0, 'system_1', 4, 0.1),
(32146, 99, -3, 12, 0, 0, NULL, 'N-12.37/5.9', 0, 'system_2', -4.1, 0.3),
(32147, 99, 1, 12, 0, 0, NULL, 'NT-12.04/6.22', 0, 'system_2', -4.8, -5),
(32148, 99, 4, 9, 0, 0, NULL, 'KOP-9.85/6.56', 0, 'system_2', 1.1, 1.2),
(32149, 99, 4, 8, 0, 0, NULL, 'KOP-8.94/6.6', 0, 'system_1', 4.4, -2.6),
(32150, 99, 3, 12, 0, 0, NULL, 'N-12.37/6.38', 0, 'system_2', 0.5, -0.7),
(32151, 99, 4, 11, 0, 0, NULL, 'KOP-11.7/6.49', 0, 'system_2', 2.2, 4.7),
(32152, 99, -3, 13, 0, 0, NULL, 'N-13.34/5.91', 0, 'system_2', 1.5, -3.6),
(32153, 99, -2, 13, 0, 0, NULL, 'N-13.15/5.99', 0, 'system_2', -3.3, -2.1),
(32154, 99, -4, 13, 0, 0, NULL, 'N-13.6/5.84', 0, 'system_1', 4.1, 2.3),
(32155, 99, -5, 13, 0, 0, NULL, 'N-13.93/5.77', 0, 'system_2', 2.4, -3.1),
(32156, 99, -1, 13, 0, 0, NULL, 'N-13.04/6.06', 0, 'system_2', -0.4, 0.2),
(32157, 99, 0, 13, 0, 0, NULL, 'N-13/0', 0, 'system_2', -3.5, 1.1),
(32158, 99, -1, 12, 0, 0, NULL, 'NT-12.04/6.06', 0, 'system_1', -4.8, -3.4),
(32159, 99, -6, 13, 0, 0, NULL, 'KOP-14.32/5.71', 0, 'system_2', -2.7, 3.3),
(32160, 99, -7, 13, -1, 0, NULL, 'N-14.76/5.65', 0, 'system_2', 2, 0.3),
(32161, 99, -8, 13, 0, 0, NULL, 'N-15.26/5.59', 0, 'system_1', -4.2, -4.7),
(32162, 99, -8, 12, 0, 2, NULL, 'OPP-14.42/5.55', 0, 'system_1', 1.5, -4.3),
(32163, 99, -2, 13, 0, 0, NULL, 'KOP-13.15/5.99', 0, 'system_2', -3.2, 4.5),
(32164, 99, -8, 13, 0, 0, NULL, 'N-15.26/5.59', 0, 'system_2', -2.3, -1.7),
(32165, 99, -4, 13, 0, 0, NULL, 'KOP-13.6/5.84', 0, 'system_2', -1.8, 1.2),
(32166, 99, 5, 8, 0, 0, NULL, 'N-9.43/6.7', 0, 'system_1', -0.1, -3.8),
(32167, 99, 5, 7, 0, 1, NULL, 'JS-8.6/6.76', 0, 'system_1', -2.8, 3.8),
(32168, 99, 5, 11, 0, 0, NULL, 'N-12.08/6.57', 0, 'system_2', 1.7, 3.5),
(32169, 99, 5, 12, 0, 0, NULL, 'N-13/6.53', 0, 'system_1', 0, 1.1),
(32170, 99, 5, 13, 0, 0, NULL, 'NT-13.93/6.51', 0, 'system_2', 2.1, 1.9),
(32171, 99, 5, 10, 0, 0, NULL, 'KOP-11.18/6.6', 0, 'system_2', -1.9, -0.4),
(32172, 99, 4, 13, 0, 0, NULL, 'KOP-13.6/6.44', 0, 'system_1', 5, 1.2),
(32173, 99, 6, 12, 1, 0, NULL, 'KOP-13.42/6.6', 0, 'system_1', -4.9, 1.5),
(32174, 99, -3, 14, 2, 0, NULL, 'KOP-14.32/5.93', 0, 'system_1', -0.6, 2.4),
(32175, 99, 4, 14, 0, 0, NULL, 'KOP-14.56/6.42', 0, 'system_1', -3.4, 3.4),
(32176, 99, -1, 14, 1, 0, NULL, 'NT-14.04/6.07', 0, 'system_1', 0.9, 3.1),
(32177, 99, 3, 14, 0, 0, NULL, 'KOP-14.32/6.35', 0, 'system_2', 0.6, 3.6),
(32178, 99, 6, 10, 1, 0, NULL, 'N-11.66/6.68', 0, 'system_2', 1.3, 1.2),
(32179, 99, 2, 14, -2, 0, NULL, 'N-14.14/6.28', 0, 'system_2', 2.3, 0.2),
(32180, 99, 6, 9, 2, 0, NULL, 'NT-10.82/6.73', 0, 'system_2', -4.8, -2.8),
(32181, 99, 1, 14, 2, 0, NULL, 'KOP-14.04/6.21', 0, 'system_2', -1.4, -2.2),
(32182, 99, 2, 13, 0, 0, NULL, 'KOP-13.15/6.29', 0, 'system_1', -2.4, 1.2),
(32183, 100, 0, 0, 0, 4, NULL, 'Centro-0/0', 0, 'system_1', -0.18, 0.33),
(32184, 100, -1, 0, 0, 0, NULL, 'NT-1/0', 0, 'system_2', -1.8, -1.9),
(32185, 100, 0, -1, 0, 0, NULL, 'NT-1/0', 0, 'system_2', 4.5, -4),
(32186, 100, 1, -1, 0, 0, NULL, 'N-1.41/5.35', 0, 'system_2', -1, -1),
(32187, 100, 2, -1, 0, 0, NULL, 'NT-2.24/5.03', 0, 'system_2', 4.9, 2),
(32188, 100, 3, -1, 0, 0, NULL, 'NT-3.16/4.89', 0, 'system_1', -3.8, 3.6),
(32189, 100, 0, 1, 0, 1, NULL, 'Q-1/0', 0, 'system_2', 0.8, 4.1),
(32190, 100, 1, -2, 0, 0, NULL, 'KOP-2.24/5.68', 0, 'system_2', 2.1, 2),
(32191, 100, -2, 0, 0, 0, NULL, 'KOP-2/0', 0, 'system_1', 4.7, -3.4),
(32192, 100, 1, -3, 0, 0, NULL, 'N-3.16/5.82', 0, 'system_1', -4.9, 1.4),
(32193, 100, -2, 1, 0, 0, NULL, 'N-2.24/5.03', 0, 'system_2', -1.1, -3.3),
(32194, 100, -3, 0, 0, 0, NULL, 'N-3/0', 0, 'system_2', 0.5, 4.5),
(32195, 100, 2, 0, 0, 0, NULL, 'N-2/0', 0, 'system_2', 4, 4.7),
(32196, 100, -2, 2, 0, 0, NULL, 'NT-2.83/5.35', 0, 'system_2', -0.2, -4.2),
(32197, 100, -2, -1, 0, 0, NULL, 'N-2.24/1.11', 0, 'system_2', 2.8, 4),
(32198, 100, -1, 2, 0, 1, NULL, 'JS-2.24/5.68', 0, 'system_1', -1.8, -1.5),
(32199, 100, -2, -2, 0, 0, NULL, 'NT-2.83/0.79', 0, 'system_1', -3.4, 3.5),
(32200, 100, 0, -3, 0, 0, NULL, 'N-3/0', 0, 'system_2', 0.9, 4.9),
(32201, 100, 4, -1, 0, 0, NULL, 'KOP-4.12/4.81', 0, 'system_1', -3.5, -4.9),
(32202, 100, -1, 3, 0, 0, NULL, 'NT-3.16/5.82', 0, 'system_2', 0.6, 4.2),
(32203, 100, -3, 2, 0, 0, NULL, 'KOP-3.61/5.16', 0, 'system_1', -2.2, 2.4),
(32204, 100, 0, 3, 0, 0, NULL, 'NT-3/0', 0, 'system_2', -0.7, -3.6),
(32205, 100, -4, 0, 0, 0, NULL, 'NT-4/0', 0, 'system_1', 4.8, -2),
(32206, 100, 0, 4, 0, 0, NULL, 'NT-4/0', 0, 'system_1', -0.6, -0.5),
(32207, 100, 2, 1, 0, 0, NULL, 'N-2.24/7.25', 0, 'system_1', -4.7, 3.3),
(32208, 100, -1, -2, 0, 0, NULL, 'N-2.24/0.46', 0, 'system_1', 5, -3.2),
(32209, 100, 0, -4, 0, 0, NULL, 'KOP-4/0', 0, 'system_2', -1.8, -0.3),
(32210, 100, 2, -3, 0, 0, NULL, 'NT-3.61/5.55', 0, 'system_2', 2.6, 4.5),
(32211, 100, 4, -2, 0, 0, NULL, 'NT-4.47/5.03', 0, 'system_1', 1, 0.6),
(32212, 100, -1, -4, 0, 0, NULL, 'KOP-4.12/0.24', 0, 'system_1', -4.5, -1.7),
(32213, 100, 0, 5, 0, 0, NULL, 'N-5/0', 0, 'system_1', -4.3, -1),
(32214, 100, 2, 2, 0, 0, NULL, 'NT-2.83/6.93', 0, 'system_2', -2.3, 1.8),
(32215, 100, 0, -5, 0, 0, NULL, 'N-5/0', 0, 'system_1', -0.9, 2.9),
(32216, 100, -5, 0, 0, 0, NULL, 'KOP-5/0', 0, 'system_1', -3.7, 0.5),
(32217, 100, 1, -5, 0, 0, NULL, 'NT-5.1/5.94', 0, 'system_1', 0.3, -4),
(32218, 100, 5, -1, 0, 0, NULL, 'KOP-5.1/4.77', 0, 'system_1', -3.7, 2.3),
(32219, 100, -6, 0, 0, 0, NULL, 'NT-6/0', 0, 'system_1', -3.7, 2.5),
(32220, 100, 1, 4, 0, 0, NULL, 'NT-4.12/6.38', 0, 'system_1', 2.3, -1.3),
(32221, 100, -4, -1, 0, 0, NULL, 'KOP-4.12/1.33', 0, 'system_2', 2.7, -4),
(32222, 100, 2, 4, 0, 0, NULL, 'NT-4.47/6.6', 0, 'system_1', -0.6, -3.8),
(32223, 100, 2, -5, 0, 0, NULL, 'N-5.39/5.76', 0, 'system_2', -4.7, -4.1),
(32224, 100, -6, 1, 0, 0, NULL, 'N-6.08/4.73', 0, 'system_2', -4.4, 0.4),
(32225, 100, 3, -3, 0, 0, NULL, 'N-4.24/5.35', 0, 'system_2', -1, -2.7),
(32226, 100, 1, 2, 0, 0, NULL, 'N-2.24/6.6', 0, 'system_2', -3.6, -2.6),
(32227, 100, -2, -4, 0, 0, NULL, 'N-4.47/0.46', 0, 'system_2', -1.4, -1),
(32228, 100, 2, -6, 1, 0, NULL, 'NT-6.32/5.82', 0, 'system_2', -2.2, 1.5),
(32229, 100, -4, -2, 0, 0, NULL, 'N-4.47/1.11', 0, 'system_2', 3.7, -2.4),
(32230, 100, 3, 1, 0, 0, NULL, 'KOP-3.16/7.39', 0, 'system_2', -2.9, 0.5),
(32231, 100, 0, 6, 0, 0, NULL, 'NT-6/0', 0, 'system_2', -1.3, 0.4),
(32232, 100, 1, 6, 0, 0, NULL, 'N-6.08/6.31', 0, 'system_2', 4.9, 4.5),
(32233, 100, -4, 1, 0, 0, NULL, 'N-4.12/4.81', 0, 'system_2', 3.9, -4),
(32234, 100, 2, 6, 0, 0, NULL, 'N-6.32/6.46', 0, 'system_1', -1.6, 3.4),
(32235, 100, -3, -4, 0, 0, NULL, 'N-5/0.64', 0, 'system_2', -0.7, -0.3),
(32236, 100, 3, 6, 0, 0, NULL, 'NT-6.71/6.6', 0, 'system_1', -4.3, 2.2),
(32237, 100, 3, -6, 1, 0, NULL, 'N-6.71/5.68', 0, 'system_2', 4.7, 2.1),
(32238, 100, 3, 4, 0, 0, NULL, 'NT-5/6.78', 0, 'system_1', 2.3, 0),
(32239, 100, -5, -2, 0, 0, NULL, 'KOP-5.39/1.19', 0, 'system_2', 1.6, -3.2),
(32240, 100, -5, -3, 0, 0, NULL, 'KOP-5.83/1.03', 0, 'system_2', -1.9, -3.2),
(32241, 100, -3, -5, 0, 0, NULL, 'N-5.83/0.54', 0, 'system_2', 1, 4.2),
(32242, 100, -4, -5, 0, 0, NULL, 'KOP-6.4/0.67', 0, 'system_2', 3.9, 0.9),
(32243, 100, -3, 3, 0, 0, NULL, 'NT-4.24/5.35', 0, 'system_2', 1, -4.2),
(32244, 100, 3, -4, 0, 0, NULL, 'NT-5/5.5', 0, 'system_1', 1.4, 3.9),
(32245, 100, -1, 6, 0, 0, NULL, 'N-6.08/5.97', 0, 'system_1', 4.5, -3.8),
(32246, 100, 4, 1, 0, 0, NULL, 'NT-4.12/7.47', 0, 'system_2', 1.8, 2.3),
(32247, 100, 3, 3, 0, 0, NULL, 'N-4.24/6.93', 0, 'system_1', -0.9, -3.5),
(32248, 100, 4, 4, 0, 0, NULL, 'KOP-5.66/6.93', 0, 'system_2', 4.6, -1.9),
(32249, 100, 4, 5, 0, 0, NULL, 'KOP-6.4/6.81', 0, 'system_1', 4.5, 0.5),
(32250, 100, -6, -2, 0, 0, NULL, 'KOP-6.32/1.25', 0, 'system_2', -0.1, -1.1),
(32251, 100, 5, 5, 0, 0, NULL, 'N-7.07/6.93', 0, 'system_1', 4.5, -1),
(32252, 100, 4, -6, 0, 0, NULL, 'NT-7.21/5.55', 0, 'system_1', 1.9, 4.1),
(32253, 100, 5, 6, 0, 0, NULL, 'N-7.81/6.83', 0, 'system_2', -4.9, 4.5),
(32254, 100, 6, 5, 0, 2, NULL, 'OP-7.81/7.02', 0, 'system_2', -3.8, 4.6),
(32255, 100, -5, -4, 0, 0, NULL, 'NT-6.4/0.9', 0, 'system_2', 4.6, -3),
(32256, 100, -6, 2, 0, 0, NULL, 'N-6.32/4.89', 0, 'system_1', 1.9, -4.6),
(32257, 100, -3, -6, 1, 0, NULL, 'NT-6.71/0.46', 0, 'system_1', -4.5, -3),
(32258, 100, 4, -4, 0, 1, NULL, 'JS-5.66/5.35', 0, 'system_1', 0, 4.2),
(32259, 100, -2, 6, 0, 0, NULL, 'NT-6.32/5.82', 0, 'system_1', 2, 3.3),
(32260, 100, -2, -6, -1, 0, NULL, 'N-6.32/0.32', 0, 'system_2', 1, 4.4),
(32261, 100, -3, 6, 0, 0, NULL, 'KOP-6.71/5.68', 0, 'system_2', 2, -4.3),
(32262, 100, -1, -6, 0, 0, NULL, 'N-6.08/0.17', 0, 'system_1', -3.7, 0),
(32263, 100, 5, 1, 0, 0, NULL, 'NT-5.1/7.51', 0, 'system_1', -4.8, -1.6),
(32264, 100, 6, 4, 1, 0, NULL, 'NT-7.21/7.12', 0, 'system_2', -2.3, -1.3),
(32265, 100, 6, 3, 0, 0, NULL, 'N-6.71/7.25', 0, 'system_1', -4.4, -1.6),
(32266, 100, -6, -4, 0, 0, NULL, 'NT-7.21/0.98', 0, 'system_1', 3.3, -4.1),
(32267, 100, -6, -5, 0, 0, NULL, 'NT-7.81/0.88', 0, 'system_2', -3.1, 5),
(32268, 100, 6, 1, 1, 0, NULL, 'KOP-6.08/7.55', 0, 'system_2', 3.4, -3.5),
(32269, 100, 5, 3, 0, 0, NULL, 'N-5.83/7.17', 0, 'system_1', 1.9, -1.1),
(32270, 100, 6, 0, 0, 0, NULL, 'N-6/0', 0, 'system_1', -2.6, -2),
(32271, 100, -6, 3, 0, 0, NULL, 'KOP-6.71/5.03', 0, 'system_1', -0.8, 2),
(32272, 100, 4, 2, 0, 0, NULL, 'KOP-4.47/7.25', 0, 'system_2', -4.4, 1.5),
(32273, 100, -5, 3, 0, 0, NULL, 'NT-5.83/5.11', 0, 'system_1', -1.6, 1.9),
(32274, 100, 5, -4, 0, 0, NULL, 'KOP-6.4/5.24', 0, 'system_2', -3.2, -4.2),
(32275, 100, -5, 4, 0, 0, NULL, 'NT-6.4/5.24', 0, 'system_2', 4.9, 2),
(32276, 100, -4, 4, 0, 0, NULL, 'KOP-5.66/5.35', 0, 'system_1', -0.5, 4.9),
(32277, 100, 5, -5, 0, 0, NULL, 'NT-7.07/5.35', 0, 'system_1', 3.3, -1.3),
(32278, 100, -6, -6, 0, 0, NULL, 'KOP-8.49/0.79', 0, 'system_1', 1.3, 0.8),
(32279, 100, -4, 5, 0, 0, NULL, 'N-6.4/5.47', 0, 'system_1', -4.4, 3.3),
(32280, 100, 6, -5, 1, 0, NULL, 'NT-7.81/5.26', 0, 'system_1', -1.2, -0.8),
(32281, 100, 6, -6, 1, 0, NULL, 'NT-8.49/5.35', 0, 'system_2', -1.8, 4.4),
(32282, 100, -5, -6, 2, 0, NULL, 'NT-7.81/0.69', 0, 'system_1', -1.6, -0.3),
(32283, 100, 1, 7, 0, 0, NULL, 'KOP-7.07/6.28', 0, 'system_2', -2.4, 1.7),
(32284, 100, 0, 7, 0, 0, NULL, 'KOP-7/0', 0, 'system_2', -2.4, 3),
(32285, 100, -1, 7, 0, 0, NULL, 'N-7.07/6', 0, 'system_1', 2.6, -1.5),
(32286, 100, -3, 7, 0, 0, NULL, 'N-7.62/5.74', 0, 'system_2', -4.8, -0.8),
(32287, 100, -6, -5, 0, 0, NULL, 'KOP-7.81/0.88', 0, 'system_2', -1.8, -3.7),
(32288, 100, 5, 7, 0, 0, NULL, 'NT-8.6/6.76', 0, 'system_1', -2.7, 1.8),
(32289, 100, 4, 7, 0, 3, NULL, '32P-8.06/6.66', 0, 'system_2', 0.9, -4.6),
(32290, 100, 6, 7, 0, 1, NULL, 'JSS-9.22/6.85', 0, 'system_1', -2.4, 2.6),
(32291, 100, -4, 7, 0, 0, NULL, 'KOP-8.06/5.62', 0, 'system_2', -1.9, -4.5),
(32292, 100, -5, 7, 0, 0, NULL, 'KOP-8.6/5.52', 0, 'system_1', 4.2, 0.3),
(32293, 100, -6, 7, 0, 3, NULL, '1-9.22/5.43', 0, 'system_1', 0, -4),
(32294, 100, -6, 6, 0, 0, NULL, 'KOP-8.49/5.35', 0, 'system_1', 2.4, 2.3),
(32295, 100, -6, 5, 0, 0, NULL, 'KOP-7.81/5.26', 0, 'system_1', -3.3, -4.7),
(32296, 100, -4, 7, 0, 0, NULL, 'KOP-8.06/5.62', 0, 'system_2', -3.5, -2.2),
(32297, 100, -5, 6, 0, 0, NULL, 'KOP-7.81/5.45', 0, 'system_1', -2.2, -4.7),
(32298, 100, -7, 7, 1, 0, NULL, 'KOP-9.9/5.35', 0, 'system_1', 2.9, -3.6),
(32299, 100, -1, 8, -1, 1, NULL, 'JSS-8.06/6.02', 0, 'system_2', -3.7, 1.1),
(32300, 100, -7, 2, 1, 0, NULL, 'KOP-7.28/4.85', 0, 'system_1', -2.7, 0.6),
(32301, 100, -7, 8, 0, 0, NULL, 'NT-10.63/5.42', 0, 'system_2', 0.7, -1.8),
(32302, 100, -2, 8, 0, 0, NULL, 'N-8.25/5.9', 0, 'system_2', 1.8, -4.7),
(32303, 100, -5, 8, 1, 0, NULL, 'N-9.43/5.58', 0, 'system_2', -2.8, -0.2),
(32304, 100, 4, 8, 0, 0, NULL, 'N-8.94/6.6', 0, 'system_2', -3.7, -1.8),
(32305, 100, 3, 8, -1, 0, NULL, 'NT-8.54/6.5', 0, 'system_1', -0.6, -2.4),
(32306, 100, -7, -2, -2, 0, NULL, 'N-7.28/1.29', 0, 'system_2', 1.2, 4.7),
(32307, 100, -7, -3, 0, 0, NULL, 'KOP-7.62/1.17', 0, 'system_1', -2.8, -2.5),
(32308, 100, -7, -1, 0, 0, NULL, 'NT-7.07/1.43', 0, 'system_1', -1.8, -2.6),
(32309, 100, 2, 8, 1, 1, NULL, 'JS-8.25/6.38', 0, 'system_1', -0.1, -3.3);

-- --------------------------------------------------------

--
-- Структура таблицы `oauth_access_tokens`
--

CREATE TABLE `oauth_access_tokens` (
  `id` varchar(100) COLLATE utf8mb4_unicode_ci NOT NULL,
  `user_id` bigint UNSIGNED DEFAULT NULL,
  `client_id` bigint UNSIGNED NOT NULL,
  `name` varchar(255) COLLATE utf8mb4_unicode_ci DEFAULT NULL,
  `scopes` text COLLATE utf8mb4_unicode_ci,
  `revoked` tinyint(1) NOT NULL,
  `created_at` timestamp NULL DEFAULT NULL,
  `updated_at` timestamp NULL DEFAULT NULL,
  `expires_at` datetime DEFAULT NULL
) ENGINE=InnoDB DEFAULT CHARSET=utf8mb4 COLLATE=utf8mb4_unicode_ci;

--
-- Дамп данных таблицы `oauth_access_tokens`
--

INSERT INTO `oauth_access_tokens` (`id`, `user_id`, `client_id`, `name`, `scopes`, `revoked`, `created_at`, `updated_at`, `expires_at`) VALUES
('0320ed8598bee628cb9283724c11d8319f7a8229ebecaa7f35404ed15386e72d711cc2194a14e063', 1, 1, 'MyApp', '[]', 0, '2022-02-21 04:23:15', '2022-02-21 04:23:15', '2023-02-21 07:23:15'),
('04e7518640ed933ef01cc3c93198d62542e543dd913208f83b9cec506622a43bf2e717ea91d73945', 1, 1, 'MyApp', '[]', 1, '2022-02-16 08:48:32', '2022-02-16 08:48:32', '2023-02-16 11:48:32'),
('08c73173deb081071e0d04451d58de6f72121116e0224b61a4dc2810d43a9a03722b695163792294', 1, 1, 'MyApp', '[]', 1, '2022-02-16 08:45:58', '2022-02-16 08:45:58', '2023-02-16 11:45:58'),
('0c3deb737d2ecd3c91731fe2506832170b1ab1de003d0e7013f7526355f9b91c133ee4d14ada0903', 1, 1, 'MyApp', '[]', 1, '2022-02-16 09:21:21', '2022-02-16 09:21:21', '2023-02-16 12:21:21'),
('0c5d1940ea3615b2884e58ec8f57e5a91b56f20d626f7afde64fd176ac4cd2bb834d761905c424e4', 1, 1, 'MyApp', '[]', 1, '2022-02-16 10:03:52', '2022-02-16 10:03:52', '2023-02-16 13:03:52'),
('0f4a080027fdad9e25fa981c764a611b59f6cbe5c31aec974ad7cfbfb3e3a23d014efb5040ea4a10', 1, 1, 'MyApp', '[]', 0, '2022-02-22 10:55:50', '2022-02-22 10:55:50', '2023-02-22 13:55:50'),
('102caa3198425adcc1595d7ef9687b9451deae5ad605f8283b2816fd6005e62f171693164b11f8d7', 1, 1, 'MyApp', '[]', 1, '2022-02-21 12:11:55', '2022-02-21 12:11:55', '2023-02-21 15:11:55'),
('115d4af15becb8f0b0c52f358650b2ed48af0e0295be91530d64177385e13dbcaf804e2580108902', 1, 1, 'MyApp', '[]', 1, '2022-02-16 10:28:55', '2022-02-16 10:28:55', '2023-02-16 13:28:55'),
('12f48d68c9686b8034850272a98f546cc35d6a7cf7c8a868cefbf802d4d93dc752b550fe1cb0190e', 1, 1, 'MyApp', '[]', 1, '2022-02-16 10:14:25', '2022-02-16 10:14:25', '2023-02-16 13:14:25'),
('13c5a8e559bb2cefc9405ae0b8808fd609e9a2a043019eb6a71ba98350d305a63ab7b9cc8e71f7de', 1, 1, 'MyApp', '[]', 1, '2022-02-16 10:09:13', '2022-02-16 10:09:13', '2023-02-16 13:09:13'),
('15d10376d952fad1a292c8511ecf62d84ba808704b58809e5fa6206d164c6c8f0378986d2a916cc2', 1, 1, 'MyApp', '[]', 1, '2022-02-16 10:29:34', '2022-02-16 10:29:34', '2023-02-16 13:29:34'),
('1629c57ab86cac805c1942aa14391a8debc062b75fae523421425c87e14f7a89fd7203c48ff235a2', 1, 1, 'MyApp', '[]', 1, '2022-02-16 09:14:57', '2022-02-16 09:14:57', '2023-02-16 12:14:57'),
('1a82b7e77acfc8f28b0306d7f73b06c4013ec606d471f3de60ad049289ae1eb357fa01783a4cbe69', 1, 1, 'MyApp', '[]', 1, '2022-02-16 09:08:35', '2022-02-16 09:08:35', '2023-02-16 12:08:35'),
('1b808865f457ad45e2cac734b2662e63d124ae048d77f03e377930b867bab19387e61d7965b97546', 1, 1, 'MyApp', '[]', 1, '2022-02-16 09:38:56', '2022-02-16 09:38:56', '2023-02-16 12:38:56'),
('206b282f0f674ae8d72c0dc1b48ce6281bc1cbff4940aa974b52b29c8eca39c7e9bf0c25e10e0343', 1, 1, 'MyApp', '[]', 1, '2022-02-22 04:24:11', '2022-02-22 04:24:11', '2023-02-22 07:24:11'),
('240e93d5454118b5466a140a6a2b60f1d627a83c98f0b6ef5c5decbe1dbb53641fca03a3fe1e3f1f', 1, 1, 'MyApp', '[]', 1, '2022-02-16 08:52:41', '2022-02-16 08:52:41', '2023-02-16 11:52:41'),
('245c50a6bc437e4c56a066da44564381cd8430d56500d224e78a2b004e81369b5a713fdc6dbe4bed', 1, 1, 'MyApp', '[]', 1, '2022-02-16 06:45:39', '2022-02-16 06:45:39', '2023-02-16 09:45:39'),
('26b2250d5404f52db67c556e37051b0f1c3dbe3a5c414ebc12a6848e27f0c1b58a6383670393a2f4', 1, 1, 'MyApp', '[]', 1, '2022-02-16 08:59:36', '2022-02-16 08:59:36', '2023-02-16 11:59:36'),
('26e2a857278dff7848da994aa42e9a3f2a9e2c0b8babd032a3d195519203137558b4431d6974947c', 1, 1, 'MyApp', '[]', 1, '2022-02-16 10:05:04', '2022-02-16 10:05:04', '2023-02-16 13:05:04'),
('28680369107ec036e59f990fe566ff8221d0a843091fadc08c78e259918bf8d095d1854c19015b7a', 1, 1, 'MyApp', '[]', 1, '2022-02-16 10:04:11', '2022-02-16 10:04:11', '2023-02-16 13:04:11'),
('2919520336d6464adab74ee0262565c40c07606a0c63b53b371cdf670ac71603aa96b179da19292f', 1, 1, 'MyApp', '[]', 1, '2022-02-14 07:43:59', '2022-02-14 07:43:59', '2023-02-14 10:43:59'),
('29302adf0ce44149afd35a16c1441a46b92d9b1803b936c809ebda3c9f40b9c0fab636b1ba13e93d', 1, 1, 'MyApp', '[]', 1, '2022-02-16 05:17:10', '2022-02-16 05:17:10', '2023-02-16 08:17:10'),
('2a3a458158676fc5ac9d6b7fb12813a7104f6feda151337e55eb329949564fd75f29a0c266d69322', 1, 1, 'MyApp', '[]', 0, '2022-02-24 08:21:02', '2022-02-24 08:21:02', '2023-02-24 11:21:02'),
('2d7c7ff5b7ffd8519be89e0620e0bfce250b9c8322c44b1ef77c9144dc9118d4cc196421e0f2a370', 1, 1, 'MyApp', '[]', 1, '2022-02-21 04:19:03', '2022-02-21 04:19:03', '2023-02-21 07:19:03'),
('2e016043163a0b77a136c61661d47e29d518aa9c5bed4b88fb3175b4ac1f8b78c14f87153b067fd0', 1, 1, 'MyApp', '[]', 0, '2022-02-14 08:13:47', '2022-02-14 08:13:47', '2023-02-14 11:13:47'),
('2f91d1d250172f9d02cf523250ba5a7cc1db9fb17973b94038fab999063184e32a9d7007d8ad95fc', 1, 1, 'MyApp', '[]', 0, '2022-02-16 06:11:16', '2022-02-16 06:11:16', '2023-02-16 09:11:16'),
('2fadebdb9d4c7a8361772b9abe7d2c824cb5f47b96eaae03732d032c2f27e63b03ffdd82a7b914c3', 1, 1, 'MyApp', '[]', 1, '2022-02-16 05:51:24', '2022-02-16 05:51:24', '2023-02-16 08:51:24'),
('301d0c82c242ada12fbe7a158d60cbba2c1b8226131572abfe5dbaf44308bce59f9f321126d6eaa8', 1, 1, 'MyApp', '[]', 1, '2022-02-16 10:55:57', '2022-02-16 10:55:57', '2023-02-16 13:55:57'),
('32fb4695255e2c2c60a2719493e8a8f38e97190d37f93b2e1fa4aef60f2a2cbac3323ab7fc908e88', 1, 1, 'MyApp', '[]', 1, '2022-02-16 06:44:50', '2022-02-16 06:44:50', '2023-02-16 09:44:50'),
('340915dad9452d6e0156a0d28e7e70b8a56e50b8a4d583abc5719f28031730797ccc6e450c1fefbc', 1, 1, 'MyApp', '[]', 1, '2022-02-16 10:34:30', '2022-02-16 10:34:30', '2023-02-16 13:34:30'),
('35a62dd0b925d4e9b23f6dd9364e8d649bdeeef5c98f39ba327ca4eb8171d3318d471903f88a7d05', 1, 1, 'MyApp', '[]', 0, '2022-02-16 06:21:34', '2022-02-16 06:21:34', '2023-02-16 09:21:34'),
('36035d1dda3ec8ac400e3c75d17ba5d7e66b62d48922c625182f58e67cb1c4e831fc4ec0fde7d6b2', 1, 1, 'MyApp', '[]', 0, '2022-02-16 09:37:42', '2022-02-16 09:37:42', '2023-02-16 12:37:42'),
('37ae2415cfbc5a207803074303b22dd7d26e989b43a23b1392067571d520a7b1c00739f99cabe804', 1, 1, 'MyApp', '[]', 1, '2022-02-16 09:12:58', '2022-02-16 09:12:58', '2023-02-16 12:12:58'),
('3941c204a11c786ae6baddc20937530ad013dfdcd12cb7b4575da9e854410a79af5f606087161023', 1, 1, 'MyApp', '[]', 1, '2022-02-16 09:26:59', '2022-02-16 09:26:59', '2023-02-16 12:26:59'),
('39c60a466128c17b5cb3f739f913f551459cb5da361dc2b6d85330f770c1ed3e483dd6ec3af81fbd', 1, 1, 'MyApp', '[]', 1, '2022-02-16 08:59:20', '2022-02-16 08:59:20', '2023-02-16 11:59:20'),
('3c986084765821069cb0ceceef230fb4c4cdd1d281a5ccda932eb504ebb8cfc97706031f5872dbfa', 14, 1, 'MyApp', '[]', 0, '2022-02-18 11:06:41', '2022-02-18 11:06:41', '2023-02-18 14:06:41'),
('3cc6d8279003b3e95809b569167360e024b92ee5367dd9f17fc757d2656e79776ea0339a0e00b259', 1, 1, 'MyApp', '[]', 0, '2022-02-16 05:28:00', '2022-02-16 05:28:00', '2023-02-16 08:28:00'),
('3da2c3e3edadc857e627f651fba288b64ec3fa6726edee6b6cd6f3eedffbb2d7ce92581fa5221221', 1, 1, 'MyApp', '[]', 1, '2022-02-16 06:46:00', '2022-02-16 06:46:00', '2023-02-16 09:46:00'),
('3dd4cd3730dc0590ea205f95df0549b427264523dbf840cc7364c7b52428a9232c772134547723a2', 1, 1, 'MyApp', '[]', 0, '2022-02-16 09:19:33', '2022-02-16 09:19:33', '2023-02-16 12:19:33'),
('3ec9631ebd307dc6d48ca9a7136d2f5f4f61582624be583fb11d9ec6c0a0e16bee4dfa5e913cab56', 1, 1, 'MyApp', '[]', 1, '2022-02-16 09:24:08', '2022-02-16 09:24:08', '2023-02-16 12:24:08'),
('41bd187288db3b5c719071211cc96a971da73c47bb791e952e4d7644e5598548fee9a0ec8921a99e', 1, 1, 'MyApp', '[]', 1, '2022-02-16 10:59:34', '2022-02-16 10:59:34', '2023-02-16 13:59:34'),
('41f8f9f26900d5da144b1dd3aa088ca5f5a2e27a7abad4a2a8ff806f09deb577672b359ff27c8612', 1, 1, 'MyApp', '[]', 0, '2022-02-16 06:11:16', '2022-02-16 06:11:16', '2023-02-16 09:11:16'),
('43346cb8ad829d230d014d1679ef6dd505ea3433c9e2ae37cdefe9f1ac6404d10b722cbcbd9aa1ee', 1, 1, 'MyApp', '[]', 1, '2022-02-16 09:13:32', '2022-02-16 09:13:32', '2023-02-16 12:13:32'),
('45627c2614c58c8c21dd9ed4814ef0fd9199984652977f1516a96fa5ac4d2cabf8043250181ca3fc', 14, 1, 'MyApp', '[]', 1, '2022-02-17 07:52:48', '2022-02-17 07:52:48', '2023-02-17 10:52:48'),
('4d9c566b2e48c04a5ff0a29b6f59d7d3f8f39f1413c69f3622adfcc6a0f13a4c339f639dc2ee5985', 1, 1, 'MyApp', '[]', 1, '2022-02-16 09:15:57', '2022-02-16 09:15:57', '2023-02-16 12:15:57'),
('4e69bf1eb207edc9f36ae5a332e8564e5dbac2bdd24dd88383249d42bf58e2c47ec021ed93f8ae29', 14, 1, 'MyApp', '[]', 1, '2022-02-17 07:58:19', '2022-02-17 07:58:19', '2023-02-17 10:58:19'),
('4f13597219363d214c3513cdade36dec83551ff4cd86b7b5d9d2dd07c5444493c7dfafb50a37c662', 1, 1, 'MyApp', '[]', 0, '2022-02-22 11:00:53', '2022-02-22 11:00:53', '2023-02-22 14:00:53'),
('51812875a56c5741e4e41e40e0ca20d7d080a8c957268f7e2014e02bc5e3065dbeba2dc9e433cc12', 1, 1, 'MyApp', '[]', 0, '2022-02-16 06:11:25', '2022-02-16 06:11:25', '2023-02-16 09:11:25'),
('51a20b4cde14a1493ebca3c87965a22fbd391ec28542c08617648e6112712863af25e91d30e35dcd', 1, 1, 'MyApp', '[]', 0, '2022-02-16 09:19:23', '2022-02-16 09:19:23', '2023-02-16 12:19:23'),
('57dd2f7a66e278e85169a6b32cc3ab64c14c5f607c532fa6602d103497bb9125e7ef0f9240790702', 1, 1, 'MyApp', '[]', 0, '2022-02-14 07:59:34', '2022-02-14 07:59:34', '2023-02-14 10:59:34'),
('596d87c3fb1d2b03c2c662b8e884123ac092d3ea13e13efe59251f684defafb803db9ce0ed7cb950', 1, 1, 'MyApp', '[]', 1, '2022-02-16 06:44:14', '2022-02-16 06:44:14', '2023-02-16 09:44:14'),
('59d77a4801f1e60971539e4594f3aae979c2689ca1ad06d64306695000ce563d7f549fc581d10cd6', 1, 1, 'MyApp', '[]', 1, '2022-02-16 11:12:08', '2022-02-16 11:12:08', '2023-02-16 14:12:08'),
('5b68dddaae3c2f6eee4aeb8b24ee9e220bc2166e6cd5920139ebfb5c6cb164ba475b719fdc3bf11f', 1, 1, 'MyApp', '[]', 1, '2022-02-16 09:06:21', '2022-02-16 09:06:21', '2023-02-16 12:06:21'),
('5e1f86a407c8bc221f3d3ee7685eeeb333dd47879ccdb20662e4c5eada2f1ef49efb71d9a9c468e4', 1, 1, 'MyApp', '[]', 0, '2022-02-16 06:09:24', '2022-02-16 06:09:24', '2023-02-16 09:09:24'),
('5f1c1db306a48c36c13b9e057b0369bcb76027349902e0ef8f2b92c3203469aca27d0e064eb30539', 14, 1, 'MyApp', '[]', 1, '2022-02-17 11:02:08', '2022-02-17 11:02:08', '2023-02-17 14:02:08'),
('5fc1c1d41ed6dd762a98da37d28731c137db1cddfce696952c715ca3c4a185df7aa8c89968f17848', 1, 1, 'MyApp', '[]', 1, '2022-02-16 09:03:57', '2022-02-16 09:03:57', '2023-02-16 12:03:57'),
('60f2056f2b7c508750c24bbebca80e0bb409de9037389ee8980c7cfaed7a46f35e1560212705ae78', 1, 1, 'MyApp', '[]', 0, '2022-02-16 06:32:29', '2022-02-16 06:32:29', '2023-02-16 09:32:29'),
('61da1c85993736375ed797be7a207d2d4aebaeebe64c2335bd5436df5de88907b471aa4d8af4bddb', 1, 1, 'MyApp', '[]', 0, '2022-02-16 06:32:04', '2022-02-16 06:32:04', '2023-02-16 09:32:04'),
('6362dc626cdc5ba7c48120236dedc3d7bcc513a74977e62b794e9c450a5e5b728c0b530e006f0df3', 14, 1, 'MyApp', '[]', 1, '2022-02-18 05:18:48', '2022-02-18 05:18:48', '2023-02-18 08:18:48'),
('6681d00ca329d25ffc4f4504a995a9478c8543e46a7728147397c757a6736fee3cee7b89ba7f5313', 1, 1, 'MyApp', '[]', 0, '2022-02-16 05:14:21', '2022-02-16 05:14:21', '2023-02-16 08:14:21'),
('670250f02de0990d8b2319e9bfc3c2abdb4fa1892687d2177e90f6d0961cd79e69b6429e5ebf166f', 1, 1, 'MyApp', '[]', 0, '2022-02-16 05:27:15', '2022-02-16 05:27:15', '2023-02-16 08:27:15'),
('6906887c70dcd52322e01eececdcfd8ad0b1d39a2b092eb00b5c89339a263b826f93a086cd95f1f5', 1, 1, 'MyApp', '[]', 1, '2022-03-02 05:10:54', '2022-03-02 05:10:54', '2023-03-02 08:10:54'),
('69f8391c45f378d792b9ea3a6061ea8a866ca32387981f70182ff84728e0c5566e7fa383583ba249', 1, 1, 'MyApp', '[]', 1, '2022-02-16 11:00:12', '2022-02-16 11:00:12', '2023-02-16 14:00:12'),
('6a6120f3c3a717dbac27521bc9fc2bf7cd645bf476338d95aaad086120d19c39cc5bbfc96bf2b0a5', 1, 1, 'MyApp', '[]', 1, '2022-02-16 10:08:22', '2022-02-16 10:08:22', '2023-02-16 13:08:22'),
('6a795a729e3d77313d8edd81cc36695bd8e4e5f0ad7851736238432bca0a5cdc4ce9ffe711deae48', 1, 1, 'MyApp', '[]', 1, '2022-02-16 09:45:01', '2022-02-16 09:45:01', '2023-02-16 12:45:01'),
('6b684de3a46345feab1a1b5badc21b479a6e4156ee1e9a54ef17993d7b6f1d0d4e6d33631b805693', 1, 1, 'MyApp', '[]', 0, '2022-02-16 06:05:30', '2022-02-16 06:05:30', '2023-02-16 09:05:30'),
('6e6f224934554a3015d5e4ed66e3833d86aebba9a6f8df44c4deeaa26b34ac39550df30f6ff0b5c9', 13, 1, 'MyApp', '[]', 1, '2022-02-17 06:14:02', '2022-02-17 06:14:02', '2023-02-17 09:14:02'),
('75fe70b2f507209f0941705ffa7f306e8ea266207a81c2b55c7aa336ea000c6c7e4d738b43ea21c1', 1, 1, 'MyApp', '[]', 1, '2022-02-16 06:10:03', '2022-02-16 06:10:03', '2023-02-16 09:10:03'),
('7dc089ef78072c0f2cba9d84ba4696874f73decedede9e526474d7df046fdccacfa8ab9f73845747', 1, 1, 'MyApp', '[]', 1, '2022-02-16 09:48:14', '2022-02-16 09:48:14', '2023-02-16 12:48:14'),
('800c2bccded259b2fc9873d60c2ab797cde815ce24dce29ebc11129fb1d5ce13107ab102810cd28a', 1, 1, 'MyApp', '[]', 0, '2022-02-16 06:08:04', '2022-02-16 06:08:04', '2023-02-16 09:08:04'),
('801737ff425ce859623f4d75ec49f55a8a32b8e3ca138a045e350cc531f2b06bebad98916776367e', 1, 1, 'MyApp', '[]', 0, '2022-02-16 05:27:16', '2022-02-16 05:27:16', '2023-02-16 08:27:16'),
('80aec80ea89275be3f3f076350112a5ac5bf12bacc10eb351183c2b7d24dde005a9891402db6b67c', 1, 1, 'MyApp', '[]', 0, '2022-02-16 06:09:42', '2022-02-16 06:09:42', '2023-02-16 09:09:42'),
('8137e27cdf4f949706e6f867387247fb429deae6d686e7d926c81e8bb078bd015de50f759095ba96', 1, 1, 'MyApp', '[]', 0, '2022-03-02 05:12:40', '2022-03-02 05:12:40', '2023-03-02 08:12:40'),
('8480331a3b6e283001d46db72bd22d57f5b232902c43f241e367d63be180b087d2fd431be1ec0ae3', 1, 1, 'MyApp', '[]', 1, '2022-02-16 09:30:25', '2022-02-16 09:30:25', '2023-02-16 12:30:25'),
('84f68de6c72f4d894919da32f756bae0657f24215a37bc1a76eafddb2e9b2c1c64a51e827cbec2de', 1, 1, 'MyApp', '[]', 0, '2022-02-16 05:27:25', '2022-02-16 05:27:25', '2023-02-16 08:27:25'),
('851d63159e0600a80edeb931aa80faa18680de56317c7d51eac719b04ebf13b6e66cc3d4e7f5a6d0', 1, 1, 'MyApp', '[]', 1, '2022-02-16 11:10:57', '2022-02-16 11:10:57', '2023-02-16 14:10:57'),
('85c9872cfb127dc90beba7e07764b797ba1eeb7488230f23e4a86bbba7861adde08fa6357aea358b', 14, 1, 'MyApp', '[]', 1, '2022-02-17 06:18:36', '2022-02-17 06:18:36', '2023-02-17 09:18:36'),
('8899c2c1a1f583a848146f1636e7988836029e8a9ba68cb024c32f608cb3f725861d9c8c8370b26c', 1, 1, 'MyApp', '[]', 1, '2022-02-16 10:43:38', '2022-02-16 10:43:38', '2023-02-16 13:43:38'),
('8b32fba6755ad1d61bbe8fdef0d292fc6bca5ab3038a421a54863a4cac8e7cb37dfdc56d8720714b', 1, 1, 'MyApp', '[]', 1, '2022-02-16 08:48:07', '2022-02-16 08:48:07', '2023-02-16 11:48:07'),
('8bc8fc98ea0c7a4d93887798c05bf885e3555592e5f7bfdc46de35d6d12f10a8f9dae32b2d213feb', 1, 1, 'MyApp', '[]', 1, '2022-02-22 10:51:42', '2022-02-22 10:51:42', '2023-02-22 13:51:42'),
('93a5cd944779c9b1ad41ff1c0f9ff78a0a032463d7825d6b17c123bb7357e396662be45b2d3a165d', 1, 1, 'MyApp', '[]', 1, '2022-02-16 10:57:30', '2022-02-16 10:57:30', '2023-02-16 13:57:30'),
('94cefcc2b3a09b4ef537a658a810a59b0730d55a4b2598206c130c135a3c3d258bed87145d6ed39a', 14, 1, 'MyApp', '[]', 1, '2022-02-18 09:27:30', '2022-02-18 09:27:30', '2023-02-18 12:27:30'),
('968f610d4eb68b13714d925e1185fe34e3e9bb5257828687b211afcc80b387f92e359ce11ec917fb', 1, 1, 'MyApp', '[]', 0, '2022-02-16 05:25:03', '2022-02-16 05:25:03', '2023-02-16 08:25:03'),
('96afef31dfbaf50c75595589c6973b55ddf69027efb6556a5d2eb6045da02a2deb1dde9c8fa5db93', 1, 1, 'MyApp', '[]', 1, '2022-02-16 09:03:42', '2022-02-16 09:03:42', '2023-02-16 12:03:42'),
('9743d26defa5bca56c98982b783845707bd726c951c77ab78f1f7870756e1196fe6fffbd23ced5a9', 1, 1, 'MyApp', '[]', 1, '2022-02-16 10:31:03', '2022-02-16 10:31:03', '2023-02-16 13:31:03'),
('98b8b696a1a466d6470be72a5dd5d0567be05a025eea6334a894585551fedf716a206a5ad9079e13', 1, 1, 'MyApp', '[]', 1, '2022-02-21 04:52:42', '2022-02-21 04:52:42', '2023-02-21 07:52:42'),
('9ac590fe0ed45e35f923127e23e6b946854f1ff5ce77714fbcd944f8b4f0667937e8dce397ce144b', 1, 1, 'MyApp', '[]', 1, '2022-02-16 11:00:32', '2022-02-16 11:00:32', '2023-02-16 14:00:32'),
('9c4e1abaa2821f15593b0ee90ef86ada9ebfdbc23e70256c4fcf6996da42c3b87ac71cb205ae8a57', 1, 1, 'MyApp', '[]', 1, '2022-02-16 10:32:42', '2022-02-16 10:32:42', '2023-02-16 13:32:42'),
('9e3c3d9bbdaccc5dd044d950c80e6918badfca8e24f0b4e8d87071833efccf414d460a1ea9c9d238', 1, 1, 'MyApp', '[]', 0, '2022-02-16 09:19:13', '2022-02-16 09:19:13', '2023-02-16 12:19:13'),
('9f1063daafbde374fdbab4eb6fe5c8167530dee74165a2253366af5f48ddbd3273906fb6fb24d8b6', 14, 1, 'MyApp', '[]', 1, '2022-02-17 07:35:22', '2022-02-17 07:35:22', '2023-02-17 10:35:22'),
('a01c6dec72bf8db32e96a0d1302d601c3fe15519d86daafc1813a0bcd2d7ecdd7f64b69f525e46a7', 1, 1, 'MyApp', '[]', 1, '2022-02-16 10:04:47', '2022-02-16 10:04:47', '2023-02-16 13:04:47'),
('a0a133bc453f052a5f984d1218ca8e9a01d6bd14bbf5558e52903f957775b96a3c600e6c5c087391', 1, 1, 'MyApp', '[]', 0, '2022-02-16 09:20:11', '2022-02-16 09:20:11', '2023-02-16 12:20:11'),
('a1093dbf8dbc388e77d1eb53b75418222b1b561ce414249de8ab586d75e905703aa7532c6ad84044', 1, 1, 'MyApp', '[]', 1, '2022-02-16 06:42:44', '2022-02-16 06:42:44', '2023-02-16 09:42:44'),
('a1b67655a2511215ce5346e48e4d558edf73a8ba87377cdf499bc6171f0227a61d4a1e3f312958b5', 1, 1, 'MyApp', '[]', 0, '2022-02-16 06:25:53', '2022-02-16 06:25:53', '2023-02-16 09:25:53'),
('a1f432c4fba6ca75bf9006104e6c894cfcb2cc4d2fea692bbfaa527da2af98872f8be3d32a528c7f', 1, 1, 'MyApp', '[]', 0, '2022-02-14 07:56:40', '2022-02-14 07:56:40', '2023-02-14 10:56:40'),
('a51531f9ae746fdcfb48c77b378175ac0129fb8262627fea0908ce6721733eea76513a3dfd4ea5cb', 12, 1, 'MyApp', '[]', 0, '2022-02-17 06:05:53', '2022-02-17 06:05:53', '2023-02-17 09:05:53'),
('a535267db1fe1f30ece32994c9e70749357d4e5692b3aabac1f08c2c0542a290023b53abd7ba9e05', 1, 1, 'MyApp', '[]', 0, '2022-02-16 06:40:35', '2022-02-16 06:40:35', '2023-02-16 09:40:35'),
('a57fd04620ee7b7a0af059ce3aedadb22ce9a2b3d47ea8e0ee158cb976eaf0ff3034936f5bf490e6', 1, 1, 'MyApp', '[]', 1, '2022-02-16 09:05:29', '2022-02-16 09:05:29', '2023-02-16 12:05:29'),
('a820d02c75f7324c4058038241df8b12e6b98b00d88cb37930e0e485506e76d471f8e19d3017fad9', 1, 1, 'MyApp', '[]', 1, '2022-02-16 09:16:16', '2022-02-16 09:16:16', '2023-02-16 12:16:16'),
('a8cdd384bced68b53cc066f9b7641ba63fb5301dbddd8b177aa5a89086053024f057e39ebf3fa26e', 1, 1, 'MyApp', '[]', 0, '2022-02-16 09:20:46', '2022-02-16 09:20:46', '2023-02-16 12:20:46'),
('a8fd1625931c1ec9f562d5a9733806da5cab17ac109a3b523f40890676994bbcb8c154f8660e99fa', 14, 1, 'MyApp', '[]', 1, '2022-02-17 07:34:43', '2022-02-17 07:34:43', '2023-02-17 10:34:43'),
('ab0dc097e4c06021a24adc0e9151e4e6c2996556ab53bd377c2a231ff0310c56a832d3b31cc792fd', 1, 1, 'MyApp', '[]', 1, '2022-02-16 10:13:37', '2022-02-16 10:13:37', '2023-02-16 13:13:37'),
('ad529aeb874e0f6f1fc48a1a55719843f4247954199eecd041c6bb851270c816c478f2a270f55d4b', 1, 1, 'MyApp', '[]', 1, '2022-02-16 10:09:40', '2022-02-16 10:09:40', '2023-02-16 13:09:40'),
('ad723fd196878d910988c065a4b1341f131e8afd8ae60b9a9411caf94f55cbea3ba39b2b58e76c56', 1, 1, 'MyApp', '[]', 1, '2022-02-16 06:38:04', '2022-02-16 06:38:04', '2023-02-16 09:38:04'),
('ae841d3b736c892198fa4dfabb1b86548ef71126f9dc99f6eaec695a73794083e646b3aeab008730', 1, 1, 'MyApp', '[]', 1, '2022-02-16 09:01:28', '2022-02-16 09:01:28', '2023-02-16 12:01:28'),
('b0fc3b95c8b24b0ed0a8ce1820078fc509afc56b48d34223f1523c68a49255c71b714e61fb5c325d', 1, 1, 'MyApp', '[]', 0, '2022-02-16 05:52:14', '2022-02-16 05:52:14', '2023-02-16 08:52:14'),
('b2184dc991b8796c233d718dc3c8921990705f8df5ad20cebfa4a135c87ca480b176fbea40a41e4b', 14, 1, 'MyApp', '[]', 1, '2022-02-17 06:45:32', '2022-02-17 06:45:32', '2023-02-17 09:45:32'),
('b7838c97090b55399936be7a2e8311f1a94704812dcca4379db51cd5118db12c42147ab02b0a6b65', 1, 1, 'MyApp', '[]', 1, '2022-02-16 11:16:06', '2022-02-16 11:16:06', '2023-02-16 14:16:06'),
('b91910babf0c001626068742b9674786b3890996c99dd9feb18c59123bbce825c993acf99e1eb29d', 1, 1, 'MyApp', '[]', 0, '2022-02-16 06:37:55', '2022-02-16 06:37:55', '2023-02-16 09:37:55'),
('ba27158f98b898de9f40bd9888df524c4e7c3df5027e2da74938855fff6643ec0ff5646e712e1905', 1, 1, 'MyApp', '[]', 1, '2022-02-16 10:02:12', '2022-02-16 10:02:12', '2023-02-16 13:02:12'),
('baf1f7f6d64a629ed005e841c5a8b68a5b858b94448a53c22fcfe1a7a8527e1c3ec0b31452d7be51', 1, 1, 'MyApp', '[]', 1, '2022-02-16 11:08:46', '2022-02-16 11:08:46', '2023-02-16 14:08:46'),
('bd3396a6afb8338b885d6b135d0d8f60505599aea143f2f66aac3ecd6cf0492b91ad4e7fb022aac6', 1, 1, 'MyApp', '[]', 1, '2022-02-16 10:35:07', '2022-02-16 10:35:07', '2023-02-16 13:35:07'),
('bfeda666d0990a41f83c3275f60730b5132a37cf8f88e4c5a4de411ff1234712470130cf43d7d11f', 1, 1, 'MyApp', '[]', 1, '2022-02-16 10:07:22', '2022-02-16 10:07:22', '2023-02-16 13:07:22'),
('c10a9efc134a0e776dd81ce190f37d61e61439132313495ec256d6420583ebce2b1297a5170f3031', 1, 1, 'MyApp', '[]', 0, '2022-02-14 08:02:10', '2022-02-14 08:02:10', '2023-02-14 11:02:10'),
('c13d042888d6bc699cd2d2262af8c02a48463bf6fee5d0375472b6b6df645815daa2fdc8409eb735', 1, 1, 'MyApp', '[]', 1, '2022-02-16 06:42:10', '2022-02-16 06:42:10', '2023-02-16 09:42:10'),
('c42f7416b212ea419e86be6a964a78c78c0f10c8761bf8d33d7ef53bb96d584fde282e49ce613aa8', 1, 1, 'MyApp', '[]', 1, '2022-03-02 04:30:59', '2022-03-02 04:30:59', '2023-03-02 07:30:59'),
('c7d70c5f0fa1c230d86a451da2b47e0722ca9d9b5632a86ed6706b7a2e429933a0f1c4bbe554de7c', 1, 1, 'MyApp', '[]', 1, '2022-02-16 06:43:05', '2022-02-16 06:43:05', '2023-02-16 09:43:05'),
('c93fafaf61cd913860abe295194032569bdb5cede22eeca9f2f1a9d7431bc3e59aab50bf5d56802a', 1, 1, 'MyApp', '[]', 0, '2022-02-16 06:09:08', '2022-02-16 06:09:08', '2023-02-16 09:09:08'),
('cad0556f0f39cd4f71014b3642d07e1f349982944541f81a445b9dceb2b817758278322a5b3bae45', 1, 1, 'MyApp', '[]', 0, '2022-02-16 06:10:20', '2022-02-16 06:10:20', '2023-02-16 09:10:20'),
('cb001742943b5efbda2622eedc9c8f2cef4ad73f47f8b96e767b3cbb27bb076c27e27ef1986368ca', 1, 1, 'MyApp', '[]', 0, '2022-02-16 06:28:43', '2022-02-16 06:28:43', '2023-02-16 09:28:43'),
('d05d980e6fd763b6699ac240640db5638d915beb1392c94f89c701498dfb34d41a4b2386a980ff68', 1, 1, 'MyApp', '[]', 1, '2022-02-16 10:36:47', '2022-02-16 10:36:47', '2023-02-16 13:36:47'),
('d0aaf4b828cf81ac889855db47ff9883a7ae6a1bb01a823ac620b49f1db4acd4cff3620381e5d20f', 14, 1, 'MyApp', '[]', 1, '2022-02-17 06:46:00', '2022-02-17 06:46:00', '2023-02-17 09:46:00'),
('d2206f076f56de3a1a6b04b701940941ed916164d5735fe5f6a875b6ab854768a3d96aec4b76c263', 1, 1, 'MyApp', '[]', 1, '2022-02-16 09:01:42', '2022-02-16 09:01:42', '2023-02-16 12:01:42'),
('d3bd91f48e7724408e25b06b3f855e6b87ac50d331687b02d2eb668512088c76fd01be6672d1a6be', 1, 1, 'MyApp', '[]', 0, '2022-02-16 08:39:04', '2022-02-16 08:39:04', '2023-02-16 11:39:04'),
('d62e41c31ba34ca67a795f6a54e2f7bfdbb6e4ee0ccc029ea1dd404ec4e7741829e33966a8e70660', 1, 1, 'MyApp', '[]', 0, '2022-02-16 09:20:54', '2022-02-16 09:20:54', '2023-02-16 12:20:54'),
('d6553e4e9b76fb68aedc176425a49f9ccfd9a70dc52b0bcf59c8019a4226ee05bad9c540bfd927af', 1, 1, 'MyApp', '[]', 0, '2022-02-16 09:20:22', '2022-02-16 09:20:22', '2023-02-16 12:20:22'),
('d851da7257bba8903880b0b2ee5b4996d7841755dc5744860fc42ba84a9a263b37b20384f31d8b2d', 14, 1, 'MyApp', '[]', 1, '2022-02-17 08:15:36', '2022-02-17 08:15:36', '2023-02-17 11:15:36'),
('d91f0a664908dddb119a7593c32ee038c73028d6864ffade60405431d817604e986d3184c6c4ff4d', 1, 1, 'MyApp', '[]', 1, '2022-02-16 09:07:59', '2022-02-16 09:07:59', '2023-02-16 12:07:59'),
('dae3efd09ee556ee07989e5d374bc8d54a5c02c0eff6983475d2d64b18f08276c15e08c25713b73b', 1, 1, 'MyApp', '[]', 0, '2022-02-16 06:16:13', '2022-02-16 06:16:13', '2023-02-16 09:16:13'),
('e2b89b5c8ece848e5d1da300a3abb763fdd0cbc168ee8e70dea17d20ba829a99c74a5155af4af283', 14, 1, 'MyApp', '[]', 1, '2022-02-17 07:59:26', '2022-02-17 07:59:26', '2023-02-17 10:59:26'),
('e3319cae6bdefd4840a6ed24d4b3d4f8ab2cd09ba7d332c66a38b512da1b61e3e6492b9ccf56fb2f', 14, 1, 'MyApp', '[]', 1, '2022-02-17 06:41:13', '2022-02-17 06:41:13', '2023-02-17 09:41:13'),
('e8c80b3dead6eeca29164ad47a8cfd9648e337c9eb9192d4bd2f03a726436a54439f6952817b6243', 1, 1, 'MyApp', '[]', 1, '2022-02-16 09:46:25', '2022-02-16 09:46:25', '2023-02-16 12:46:25'),
('ea0390ed26a01e1b233769f8919f8d56e011dedc44234dcd54fd186e818231bf109516dc5a40ec03', 1, 1, 'MyApp', '[]', 1, '2022-02-28 05:54:01', '2022-02-28 05:54:01', '2023-02-28 08:54:01'),
('ebeda92e354d96323dca7e88b19628e4d9466d61dd0ae0b18ba853a34519ffd98a8a25272cfd93e0', 1, 1, 'MyApp', '[]', 1, '2022-02-16 06:45:26', '2022-02-16 06:45:26', '2023-02-16 09:45:26'),
('f1887f4dcca77d2137a1ed729b7b052f39dfba0f964b7259bf2e1942bffe0771e05aa4de860bb0d9', 14, 1, 'MyApp', '[]', 1, '2022-02-17 07:54:01', '2022-02-17 07:54:01', '2023-02-17 10:54:01'),
('f1c868776043ac1a0b95ca9036610790be2944e68e62a12e27122fe24e10fde2627e0ffd28f2b967', 1, 1, 'MyApp', '[]', 0, '2022-02-16 06:40:19', '2022-02-16 06:40:19', '2023-02-16 09:40:19'),
('f20d682b8fd0b18445e8114ae72434b4a881fb34b15c54d9c690d6f5cf62bd0b23cb63c6bd8396bc', 1, 1, 'MyApp', '[]', 0, '2022-02-14 08:02:52', '2022-02-14 08:02:52', '2023-02-14 11:02:52'),
('f23ddeb0efbfd6719538ec54044e8b04b6a89156959ef6cd593b439e01895172f102fe1ac6e5d320', 1, 1, 'MyApp', '[]', 1, '2022-02-16 10:07:58', '2022-02-16 10:07:58', '2023-02-16 13:07:58'),
('f2fa983026556595720a0ce4bffd338ad7ad17f50133056bb0d72f781a46cfd56a5d41e9a06add73', 1, 1, 'MyApp', '[]', 1, '2022-02-16 10:28:24', '2022-02-16 10:28:24', '2023-02-16 13:28:24'),
('f3705d4d22a3609286b2409cf92b83d7f0dcc58aaf21c51207962b1ccd2175d8cf2fa8a2c1c57ef0', 1, 1, 'MyApp', '[]', 1, '2022-02-16 10:40:39', '2022-02-16 10:40:39', '2023-02-16 13:40:39'),
('f6aa9ae330742e51c74e19f4d355b273f20be46ed98c11c10de76d11dfbbe40200d7fc0f1aef7435', 1, 1, 'MyApp', '[]', 1, '2022-02-21 04:53:02', '2022-02-21 04:53:02', '2023-02-21 07:53:02'),
('f83c2e629733d6b082485c1164bd54c05d2b8c6f48d9a14b2c2473e291635d70eb3a72cda4352ff4', 1, 1, 'MyApp', '[]', 0, '2022-02-16 06:10:47', '2022-02-16 06:10:47', '2023-02-16 09:10:47');

-- --------------------------------------------------------

--
-- Структура таблицы `oauth_auth_codes`
--

CREATE TABLE `oauth_auth_codes` (
  `id` varchar(100) COLLATE utf8mb4_unicode_ci NOT NULL,
  `user_id` bigint UNSIGNED NOT NULL,
  `client_id` bigint UNSIGNED NOT NULL,
  `scopes` text COLLATE utf8mb4_unicode_ci,
  `revoked` tinyint(1) NOT NULL,
  `expires_at` datetime DEFAULT NULL
) ENGINE=InnoDB DEFAULT CHARSET=utf8mb4 COLLATE=utf8mb4_unicode_ci;

-- --------------------------------------------------------

--
-- Структура таблицы `oauth_clients`
--

CREATE TABLE `oauth_clients` (
  `id` bigint UNSIGNED NOT NULL,
  `user_id` bigint UNSIGNED DEFAULT NULL,
  `name` varchar(255) COLLATE utf8mb4_unicode_ci NOT NULL,
  `secret` varchar(100) COLLATE utf8mb4_unicode_ci DEFAULT NULL,
  `provider` varchar(255) COLLATE utf8mb4_unicode_ci DEFAULT NULL,
  `redirect` text COLLATE utf8mb4_unicode_ci NOT NULL,
  `personal_access_client` tinyint(1) NOT NULL,
  `password_client` tinyint(1) NOT NULL,
  `revoked` tinyint(1) NOT NULL,
  `created_at` timestamp NULL DEFAULT NULL,
  `updated_at` timestamp NULL DEFAULT NULL
) ENGINE=InnoDB DEFAULT CHARSET=utf8mb4 COLLATE=utf8mb4_unicode_ci;

--
-- Дамп данных таблицы `oauth_clients`
--

INSERT INTO `oauth_clients` (`id`, `user_id`, `name`, `secret`, `provider`, `redirect`, `personal_access_client`, `password_client`, `revoked`, `created_at`, `updated_at`) VALUES
(1, NULL, 'Laravel Personal Access Client', 'TcDiUMszcxbMwalvFuJmA7q9PQ4e7Op8FRpcHH0i', NULL, 'http://localhost', 1, 0, 0, '2022-02-14 07:43:22', '2022-02-14 07:43:22'),
(2, NULL, 'Laravel Password Grant Client', '0z0NKlQVYBrD3EqEpKHTOUOa4WWKvLy8SESULM8a', 'users', 'http://localhost', 0, 1, 0, '2022-02-14 07:43:22', '2022-02-14 07:43:22');

-- --------------------------------------------------------

--
-- Структура таблицы `oauth_personal_access_clients`
--

CREATE TABLE `oauth_personal_access_clients` (
  `id` bigint UNSIGNED NOT NULL,
  `client_id` bigint UNSIGNED NOT NULL,
  `created_at` timestamp NULL DEFAULT NULL,
  `updated_at` timestamp NULL DEFAULT NULL
) ENGINE=InnoDB DEFAULT CHARSET=utf8mb4 COLLATE=utf8mb4_unicode_ci;

--
-- Дамп данных таблицы `oauth_personal_access_clients`
--

INSERT INTO `oauth_personal_access_clients` (`id`, `client_id`, `created_at`, `updated_at`) VALUES
(1, 1, '2022-02-14 07:43:22', '2022-02-14 07:43:22');

-- --------------------------------------------------------

--
-- Структура таблицы `oauth_refresh_tokens`
--

CREATE TABLE `oauth_refresh_tokens` (
  `id` varchar(100) COLLATE utf8mb4_unicode_ci NOT NULL,
  `access_token_id` varchar(100) COLLATE utf8mb4_unicode_ci NOT NULL,
  `revoked` tinyint(1) NOT NULL,
  `expires_at` datetime DEFAULT NULL
) ENGINE=InnoDB DEFAULT CHARSET=utf8mb4 COLLATE=utf8mb4_unicode_ci;

-- --------------------------------------------------------

--
-- Структура таблицы `password_resets`
--

CREATE TABLE `password_resets` (
  `email` varchar(255) COLLATE utf8mb4_unicode_ci NOT NULL,
  `token` varchar(255) COLLATE utf8mb4_unicode_ci NOT NULL,
  `created_at` timestamp NULL DEFAULT NULL
) ENGINE=InnoDB DEFAULT CHARSET=utf8mb4 COLLATE=utf8mb4_unicode_ci;

-- --------------------------------------------------------

--
-- Структура таблицы `products`
--

CREATE TABLE `products` (
  `id` bigint UNSIGNED NOT NULL,
  `name` varchar(255) COLLATE utf8mb4_unicode_ci NOT NULL,
  `detail` text COLLATE utf8mb4_unicode_ci NOT NULL,
  `created_at` timestamp NULL DEFAULT NULL,
  `updated_at` timestamp NULL DEFAULT NULL
) ENGINE=InnoDB DEFAULT CHARSET=utf8mb4 COLLATE=utf8mb4_unicode_ci;

--
-- Дамп данных таблицы `products`
--

INSERT INTO `products` (`id`, `name`, `detail`, `created_at`, `updated_at`) VALUES
(1, 'myach', 'huyach', NULL, NULL);

-- --------------------------------------------------------

--
-- Структура таблицы `users`
--

CREATE TABLE `users` (
  `id` bigint UNSIGNED NOT NULL,
  `name` varchar(255) COLLATE utf8mb4_unicode_ci NOT NULL,
  `email` varchar(255) COLLATE utf8mb4_unicode_ci NOT NULL,
  `email_verified_at` timestamp NULL DEFAULT NULL,
  `password` varchar(255) COLLATE utf8mb4_unicode_ci NOT NULL,
  `remember_token` varchar(100) COLLATE utf8mb4_unicode_ci DEFAULT NULL,
  `created_at` timestamp NULL DEFAULT NULL,
  `updated_at` timestamp NULL DEFAULT NULL
) ENGINE=InnoDB DEFAULT CHARSET=utf8mb4 COLLATE=utf8mb4_unicode_ci;

--
-- Дамп данных таблицы `users`
--

INSERT INTO `users` (`id`, `name`, `email`, `email_verified_at`, `password`, `remember_token`, `created_at`, `updated_at`) VALUES
(1, 'nik', 'admin@gmail.com', NULL, '$2y$10$065kPqp5j5XyAe0dzdBhTeavOHjpnIGPC5eQaj3LCfFJ5AtdN1JjO', NULL, '2022-02-14 07:41:31', '2022-02-14 07:41:31'),
(12, 'nik2', 'admin2@gmail.com', NULL, '$2y$10$m/YVrEu37CELWKlvZO9t8e45d5ipjYDsihqwAASlYOEpzqhpn3vyS', NULL, '2022-02-17 06:05:52', '2022-02-17 06:05:52'),
(13, 'nik', 'admin3@gmail.com', NULL, '$2y$10$ORiaUSnIRgrpiso0nVgt.OXsaDgH31iKQqdKw4fAn9ld0zDxZz8oy', NULL, '2022-02-17 06:10:13', '2022-02-17 06:10:13'),
(14, 'dima', 'admin4@gmail.com', NULL, '$2y$10$dHHqQQhFXhm1iHttxa5tW.2P3ZvwlYedaMgFuwNSp21xoD3QXsmMO', NULL, '2022-02-17 06:14:29', '2022-02-17 06:14:29');

--
-- Индексы сохранённых таблиц
--

--
-- Индексы таблицы `characters`
--
ALTER TABLE `characters`
  ADD PRIMARY KEY (`id`),
  ADD KEY `user_id` (`user_id`);

--
-- Индексы таблицы `failed_jobs`
--
ALTER TABLE `failed_jobs`
  ADD PRIMARY KEY (`id`),
  ADD UNIQUE KEY `failed_jobs_uuid_unique` (`uuid`);

--
-- Индексы таблицы `migrations`
--
ALTER TABLE `migrations`
  ADD PRIMARY KEY (`id`);

--
-- Индексы таблицы `nodes`
--
ALTER TABLE `nodes`
  ADD PRIMARY KEY (`id`),
  ADD KEY `char_id` (`char_id`);

--
-- Индексы таблицы `oauth_access_tokens`
--
ALTER TABLE `oauth_access_tokens`
  ADD PRIMARY KEY (`id`),
  ADD KEY `oauth_access_tokens_user_id_index` (`user_id`);

--
-- Индексы таблицы `oauth_auth_codes`
--
ALTER TABLE `oauth_auth_codes`
  ADD PRIMARY KEY (`id`),
  ADD KEY `oauth_auth_codes_user_id_index` (`user_id`);

--
-- Индексы таблицы `oauth_clients`
--
ALTER TABLE `oauth_clients`
  ADD PRIMARY KEY (`id`),
  ADD KEY `oauth_clients_user_id_index` (`user_id`);

--
-- Индексы таблицы `oauth_personal_access_clients`
--
ALTER TABLE `oauth_personal_access_clients`
  ADD PRIMARY KEY (`id`);

--
-- Индексы таблицы `oauth_refresh_tokens`
--
ALTER TABLE `oauth_refresh_tokens`
  ADD PRIMARY KEY (`id`),
  ADD KEY `oauth_refresh_tokens_access_token_id_index` (`access_token_id`);

--
-- Индексы таблицы `password_resets`
--
ALTER TABLE `password_resets`
  ADD KEY `password_resets_email_index` (`email`);

--
-- Индексы таблицы `products`
--
ALTER TABLE `products`
  ADD PRIMARY KEY (`id`);

--
-- Индексы таблицы `users`
--
ALTER TABLE `users`
  ADD PRIMARY KEY (`id`),
  ADD UNIQUE KEY `users_email_unique` (`email`);

--
-- AUTO_INCREMENT для сохранённых таблиц
--

--
-- AUTO_INCREMENT для таблицы `characters`
--
ALTER TABLE `characters`
  MODIFY `id` bigint NOT NULL AUTO_INCREMENT, AUTO_INCREMENT=101;

--
-- AUTO_INCREMENT для таблицы `failed_jobs`
--
ALTER TABLE `failed_jobs`
  MODIFY `id` bigint UNSIGNED NOT NULL AUTO_INCREMENT;

--
-- AUTO_INCREMENT для таблицы `migrations`
--
ALTER TABLE `migrations`
  MODIFY `id` int UNSIGNED NOT NULL AUTO_INCREMENT, AUTO_INCREMENT=10;

--
-- AUTO_INCREMENT для таблицы `nodes`
--
ALTER TABLE `nodes`
  MODIFY `id` int NOT NULL AUTO_INCREMENT, AUTO_INCREMENT=32310;

--
-- AUTO_INCREMENT для таблицы `oauth_clients`
--
ALTER TABLE `oauth_clients`
  MODIFY `id` bigint UNSIGNED NOT NULL AUTO_INCREMENT, AUTO_INCREMENT=3;

--
-- AUTO_INCREMENT для таблицы `oauth_personal_access_clients`
--
ALTER TABLE `oauth_personal_access_clients`
  MODIFY `id` bigint UNSIGNED NOT NULL AUTO_INCREMENT, AUTO_INCREMENT=2;

--
-- AUTO_INCREMENT для таблицы `products`
--
ALTER TABLE `products`
  MODIFY `id` bigint UNSIGNED NOT NULL AUTO_INCREMENT, AUTO_INCREMENT=2;

--
-- AUTO_INCREMENT для таблицы `users`
--
ALTER TABLE `users`
  MODIFY `id` bigint UNSIGNED NOT NULL AUTO_INCREMENT, AUTO_INCREMENT=18;

--
-- Ограничения внешнего ключа сохраненных таблиц
--

--
-- Ограничения внешнего ключа таблицы `characters`
--
ALTER TABLE `characters`
  ADD CONSTRAINT `characters_ibfk_1` FOREIGN KEY (`user_id`) REFERENCES `users` (`id`) ON DELETE CASCADE ON UPDATE CASCADE;

--
-- Ограничения внешнего ключа таблицы `nodes`
--
ALTER TABLE `nodes`
  ADD CONSTRAINT `nodes_ibfk_1` FOREIGN KEY (`char_id`) REFERENCES `characters` (`id`) ON DELETE CASCADE ON UPDATE CASCADE;
COMMIT;

/*!40101 SET CHARACTER_SET_CLIENT=@OLD_CHARACTER_SET_CLIENT */;
/*!40101 SET CHARACTER_SET_RESULTS=@OLD_CHARACTER_SET_RESULTS */;
/*!40101 SET COLLATION_CONNECTION=@OLD_COLLATION_CONNECTION */;
